timestamp,voltage_v,voltage_filtered_v,current_a,current_filtered_a,current_average_a,discharged_mah,remaining,scale,temperature,cell_count,voltage_cell_v[0],voltage_cell_v[1],voltage_cell_v[2],voltage_cell_v[3],voltage_cell_v[4],voltage_cell_v[5],voltage_cell_v[6],voltage_cell_v[7],voltage_cell_v[8],voltage_cell_v[9],voltage_cell_v[10],voltage_cell_v[11],voltage_cell_v[12],voltage_cell_v[13],max_cell_voltage_delta,average_power,available_energy,remaining_capacity,design_capacity,nominal_voltage,capacity,cycle_count,run_time_to_empty,average_time_to_empty,serial_number,manufacture_date,state_of_health,max_error,interface_error,average_time_to_full,over_discharge_count,connected,source,priority,id,is_powering_off,warning
523447674,11.1765995,11.404878,1.6615999,0.3713039,-1.0,456.36777,0.548956,1.0652497,nan,3,3.801626,3.801626,3.801626,0.0,0.0,0.0,0.0,0.0,0.0,0.0,0.0,0.0,0.0,0.0,0.0,0.0,0.0,0.0,0.0,0.0,0,0,0,0,0,0,0,0,0,0,0,1,0,0,1,0,0
523647662,11.283199,11.368638,1.9344,0.9437417,-1.0,456.48593,0.5269924,1.0686451,nan,3,3.789546,3.789546,3.789546,0.0,0.0,0.0,0.0,0.0,0.0,0.0,0.0,0.0,0.0,0.0,0.0,0.0,0.0,0.0,0.0,0.0,0,0,0,0,0,0,0,0,0,0,0,1,0,0,1,0,0
523848313,11.603,11.349077,1.116,1.1221615,-1.0,456.569,0.51513726,1.0704868,nan,3,3.7830257,3.7830257,3.7830257,0.0,0.0,0.0,0.0,0.0,0.0,0.0,0.0,0.0,0.0,0.0,0.0,0.0,0.0,0.0,0.0,0.0,0,0,0,0,0,0,0,0,0,0,0,1,0,0,1,0,0
524037690,11.5702,11.339192,1.0912,1.1146551,-1.0,456.62698,0.50914675,1.07142,nan,3,3.7797308,3.7797308,3.7797308,0.0,0.0,0.0,0.0,0.0,0.0,0.0,0.0,0.0,0.0,0.0,0.0,0.0,0.0,0.0,0.0,0.0,0,0,0,0,0,0,0,0,0,0,0,1,0,0,1,0,0
524247668,11.2996,11.333008,1.178,1.1091261,-1.0,456.69104,0.50539833,1.0720046,nan,3,3.7776692,3.7776692,3.7776692,0.0,0.0,0.0,0.0,0.0,0.0,0.0,0.0,0.0,0.0,0.0,0.0,0.0,0.0,0.0,0.0,0.0,0,0,0,0,0,0,0,0,0,0,0,1,0,0,1,0,0
524447661,11.316,11.321903,1.0416,1.0860296,-1.0,456.74896,0.49866825,1.0730559,nan,3,3.7739677,3.7739677,3.7739677,0.0,0.0,0.0,0.0,0.0,0.0,0.0,0.0,0.0,0.0,0.0,0.0,0.0,0.0,0.0,0.0,0.0,0,0,0,0,0,0,0,0,0,0,0,1,0,0,1,0,0
524637693,11.611199,11.315933,1.1035999,1.0674409,-1.0,456.8029,0.49505,1.073622,nan,3,3.7719777,3.7719777,3.7719777,0.0,0.0,0.0,0.0,0.0,0.0,0.0,0.0,0.0,0.0,0.0,0.0,0.0,0.0,0.0,0.0,0.0,0,0,0,0,0,0,0,0,0,0,0,1,0,0,1,0,0
524847747,11.250401,11.31119,1.0292,1.0541654,-1.0,456.86288,0.49217516,1.0740722,nan,3,3.7703965,3.7703965,3.7703965,0.0,0.0,0.0,0.0,0.0,0.0,0.0,0.0,0.0,0.0,0.0,0.0,0.0,0.0,0.0,0.0,0.0,0,0,0,0,0,0,0,0,0,0,0,1,0,0,1,0,0
525047978,11.562,11.311634,1.0168,1.0584179,-1.0,456.92224,0.49244457,1.0740299,nan,3,3.7705448,3.7705448,3.7705448,0.0,0.0,0.0,0.0,0.0,0.0,0.0,0.0,0.0,0.0,0.0,0.0,0.0,0.0,0.0,0.0,0.0,0,0,0,0,0,0,0,0,0,0,0,1,0,0,1,0,0
525247686,10.9962,11.299637,0.7564,1.0373236,-1.0,456.97726,0.48517329,1.0751703,nan,3,3.7665455,3.7665455,3.7665455,0.0,0.0,0.0,0.0,0.0,0.0,0.0,0.0,0.0,0.0,0.0,0.0,0.0,0.0,0.0,0.0,0.0,0,0,0,0,0,0,0,0,0,0,0,1,0,0,1,0,0
525437711,11.234,11.300881,1.0912,1.0395583,-1.0,457.03195,0.48592764,1.0750519,nan,3,3.7669604,3.7669604,3.7669604,0.0,0.0,0.0,0.0,0.0,0.0,0.0,0.0,0.0,0.0,0.0,0.0,0.0,0.0,0.0,0.0,0.0,0,0,0,0,0,0,0,0,0,0,0,1,0,0,1,0,0
525647674,11.5046,11.297555,1.0292,1.032163,-1.0,457.09134,0.48391205,1.0753683,nan,3,3.7658517,3.7658517,3.7658517,0.0,0.0,0.0,0.0,0.0,0.0,0.0,0.0,0.0,0.0,0.0,0.0,0.0,0.0,0.0,0.0,0.0,0,0,0,0,0,0,0,0,0,0,0,1,0,0,1,0,0
525837663,11.283199,11.299009,0.9176,1.026409,-1.0,457.1449,0.48479325,1.0752299,nan,3,3.7663364,3.7663364,3.7663364,0.0,0.0,0.0,0.0,0.0,0.0,0.0,0.0,0.0,0.0,0.0,0.0,0.0,0.0,0.0,0.0,0.0,0,0,0,0,0,0,0,0,0,0,0,1,0,0,1,0,0
526047661,11.07,11.286254,1.054,1.0251724,-1.0,457.20474,0.47706276,1.076445,nan,3,3.7620847,3.7620847,3.7620847,0.0,0.0,0.0,0.0,0.0,0.0,0.0,0.0,0.0,0.0,0.0,0.0,0.0,0.0,0.0,0.0,0.0,0,0,0,0,0,0,0,0,0,0,0,1,0,0,1,0,0
526247851,11.307799,11.271479,1.0788001,1.0034643,-1.0,457.25787,0.46810776,1.0778561,nan,3,3.7571595,3.7571595,3.7571595,0.0,0.0,0.0,0.0,0.0,0.0,0.0,0.0,0.0,0.0,0.0,0.0,0.0,0.0,0.0,0.0,0.0,0,0,0,0,0,0,0,0,0,0,0,1,0,0,1,0,0
526447843,11.2914,11.277118,1.0416,1.0143924,-1.0,457.31537,0.47152525,1.0773171,nan,3,3.7590392,3.7590392,3.7590392,0.0,0.0,0.0,0.0,0.0,0.0,0.0,0.0,0.0,0.0,0.0,0.0,0.0,0.0,0.0,0.0,0.0,0,0,0,0,0,0,0,0,0,0,0,1,0,0,1,0,0
526637661,11.3406,11.278227,0.9672,1.0104924,-1.0,457.36838,0.4721976,1.0772111,nan,3,3.759409,3.759409,3.759409,0.0,0.0,0.0,0.0,0.0,0.0,0.0,0.0,0.0,0.0,0.0,0.0,0.0,0.0,0.0,0.0,0.0,0,0,0,0,0,0,0,0,0,0,0,1,0,0,1,0,0
526847771,11.2012,11.275353,0.992,1.0067981,-1.0,457.42706,0.47045666,1.0774856,nan,3,3.7584512,3.7584512,3.7584512,0.0,0.0,0.0,0.0,0.0,0.0,0.0,0.0,0.0,0.0,0.0,0.0,0.0,0.0,0.0,0.0,0.0,0,0,0,0,0,0,0,0,0,0,0,1,0,0,1,0,0
527047664,11.3324,11.275335,1.1408,1.021397,-1.0,457.48505,0.47044522,1.0774873,nan,3,3.758445,3.758445,3.758445,0.0,0.0,0.0,0.0,0.0,0.0,0.0,0.0,0.0,0.0,0.0,0.0,0.0,0.0,0.0,0.0,0.0,0,0,0,0,0,0,0,0,0,0,0,1,0,0,1,0,0
527248665,11.603,11.270099,1.116,1.0242783,-1.0,457.54236,0.46727186,1.0779879,nan,3,3.7566996,3.7566996,3.7566996,0.0,0.0,0.0,0.0,0.0,0.0,0.0,0.0,0.0,0.0,0.0,0.0,0.0,0.0,0.0,0.0,0.0,0,0,0,0,0,0,0,0,0,0,0,1,0,0,1,0,0
527447668,11.2586,11.267438,1.1408,1.0493637,-1.0,457.60303,0.4665237,1.0781059,nan,3,3.7558126,3.7558126,3.7558126,0.0,0.0,0.0,0.0,0.0,0.0,0.0,0.0,0.0,0.0,0.0,0.0,0.0,0.0,0.0,0.0,0.0,0,0,0,0,0,0,0,0,0,0,0,1,0,0,1,0,0
527647661,11.2914,11.258521,1.7608,1.159498,-1.0,457.67935,0.46475655,1.078385,nan,3,3.7528403,3.7528403,3.7528403,0.0,0.0,0.0,0.0,0.0,0.0,0.0,0.0,0.0,0.0,0.0,0.0,0.0,0.0,0.0,0.0,0.0,0,0,0,0,0,0,0,0,0,0,0,1,0,0,1,0,0
527848495,10.988,11.229681,2.5544,1.4237262,-1.0,457.78763,0.4543572,1.0800298,nan,3,3.743227,3.743227,3.743227,0.0,0.0,0.0,0.0,0.0,0.0,0.0,0.0,0.0,0.0,0.0,0.0,0.0,0.0,0.0,0.0,0.0,0,0,0,0,0,0,0,0,0,0,0,1,0,0,1,0,0
528037843,11.1765995,11.204089,2.7776,1.8475231,-1.0,457.93295,0.44855314,1.08095,nan,3,3.7346964,3.7346964,3.7346964,0.0,0.0,0.0,0.0,0.0,0.0,0.0,0.0,0.0,0.0,0.0,0.0,0.0,0.0,0.0,0.0,0.0,0,0,0,0,0,0,0,0,0,0,0,1,0,0,1,0,0
528237662,11.0126,11.184907,3.9183998,2.3864672,-1.0,458.1248,0.45046765,1.0806464,nan,3,3.7283022,3.7283022,3.7283022,0.0,0.0,0.0,0.0,0.0,0.0,0.0,0.0,0.0,0.0,0.0,0.0,0.0,0.0,0.0,0.0,0.0,0,0,0,0,0,0,0,0,0,0,0,1,0,0,1,0,0
528448502,11.3406,11.136097,5.3072,3.14795,-1.0,458.39322,0.43876177,1.082506,nan,3,3.7120323,3.7120323,3.7120323,0.0,0.0,0.0,0.0,0.0,0.0,0.0,0.0,0.0,0.0,0.0,0.0,0.0,0.0,0.0,0.0,0.0,0,0,0,0,0,0,0,0,0,0,0,1,0,0,1,0,0
528637898,10.569799,11.081875,7.0803995,4.076845,-1.0,458.71136,0.42550427,1.0846199,nan,3,3.6939583,3.6939583,3.6939583,0.0,0.0,0.0,0.0,0.0,0.0,0.0,0.0,0.0,0.0,0.0,0.0,0.0,0.0,0.0,0.0,0.0,0,0,0,0,0,0,0,0,0,0,0,1,0,0,1,0,0
528847717,10.848599,10.985767,8.7792,5.571517,-1.0,459.2034,0.3928104,1.0898682,nan,3,3.6619225,3.6619225,3.6619225,0.0,0.0,0.0,0.0,0.0,0.0,0.0,0.0,0.0,0.0,0.0,0.0,0.0,0.0,0.0,0.0,0.0,0,0,0,0,0,0,0,0,0,0,0,1,0,0,1,0,0
529048359,9.799,10.8688135,10.3664,7.0065136,-1.0,459.7538,0.34934908,1.0969243,nan,3,3.622938,3.622938,3.622938,0.0,0.0,0.0,0.0,0.0,0.0,0.0,0.0,0.0,0.0,0.0,0.0,0.0,0.0,0.0,0.0,0.0,0,0,0,0,0,0,0,0,0,0,0,1,0,0,1,0,0
529247764,10.1024,10.75884,12.0404005,8.438823,-1.0,460.38214,0.31045395,1.1033169,nan,3,3.5862799,3.5862799,3.5862799,0.0,0.0,0.0,0.0,0.0,0.0,0.0,0.0,0.0,0.0,0.0,0.0,0.0,0.0,0.0,0.0,0.0,0,0,0,0,0,0,0,0,0,0,0,1,0,0,1,0,0
529437756,10.127,10.635817,11.78,9.587647,-1.0,461.01996,0.26046234,1.1116436,nan,3,3.545272,3.545272,3.545272,0.0,0.0,0.0,0.0,0.0,0.0,0.0,0.0,0.0,0.0,0.0,0.0,0.0,0.0,0.0,0.0,0.0,0,0,0,0,0,0,0,0,0,0,0,1,0,0,1,0,0
529647679,9.963,10.531518,10.961599,10.2456875,-1.0,461.69632,0.21923834,1.118605,nan,3,3.510506,3.510506,3.510506,0.0,0.0,0.0,0.0,0.0,0.0,0.0,0.0,0.0,0.0,0.0,0.0,0.0,0.0,0.0,0.0,0.0,0,0,0,0,0,0,0,0,0,0,0,1,0,0,1,0,0
529837663,10.291,10.463047,10.788,10.389167,-1.0,462.26093,0.19185787,1.1232771,nan,3,3.4876823,3.4876823,3.4876823,0.0,0.0,0.0,0.0,0.0,0.0,0.0,0.0,0.0,0.0,0.0,0.0,0.0,0.0,0.0,0.0,0.0,0,0,0,0,0,0,0,0,0,0,0,1,0,0,1,0,0
530047661,10.315599,10.406115,11.1228,10.740916,-1.0,462.927,0.17074877,1.1269058,nan,3,3.468705,3.468705,3.468705,0.0,0.0,0.0,0.0,0.0,0.0,0.0,0.0,0.0,0.0,0.0,0.0,0.0,0.0,0.0,0.0,0.0,0,0,0,0,0,0,0,0,0,0,0,1,0,0,1,0,0
530247858,9.938399,10.342784,12.2016,11.079697,-1.0,463.57968,0.14422995,1.1314979,nan,3,3.4475946,3.4475946,3.4475946,0.0,0.0,0.0,0.0,0.0,0.0,0.0,0.0,0.0,0.0,0.0,0.0,0.0,0.0,0.0,0.0,0.0,0,0,0,0,0,0,0,0,0,0,0,1,0,0,1,0,1
530447770,10.1105995,10.273259,12.834,11.585782,-1.0,464.27872,0.11414677,1.1367525,nan,3,3.4244196,3.4244196,3.4244196,0.0,0.0,0.0,0.0,0.0,0.0,0.0,0.0,0.0,0.0,0.0,0.0,0.0,0.0,0.0,0.0,0.0,0,0,0,0,0,0,0,0,0,0,0,1,0,0,1,0,1
530648118,10.0942,10.242166,13.206,12.121168,-1.0,465.0151,0.106455386,1.1381038,nan,3,3.414055,3.414055,3.414055,0.0,0.0,0.0,0.0,0.0,0.0,0.0,0.0,0.0,0.0,0.0,0.0,0.0,0.0,0.0,0.0,0.0,0,0,0,0,0,0,0,0,0,0,0,1,0,0,1,0,1
530847739,10.0204,10.191805,12.9828,12.373776,-1.0,465.73004,0.08540875,1.1418182,nan,3,3.3972683,3.3972683,3.3972683,0.0,0.0,0.0,0.0,0.0,0.0,0.0,0.0,0.0,0.0,0.0,0.0,0.0,0.0,0.0,0.0,0.0,0,0,0,0,0,0,0,0,0,0,0,1,0,0,1,0,1
531037664,10.036799,10.16483,11.3336,12.513965,-1.0,466.40894,0.075491965,1.1435766,nan,3,3.3882768,3.3882768,3.3882768,0.0,0.0,0.0,0.0,0.0,0.0,0.0,0.0,0.0,0.0,0.0,0.0,0.0,0.0,0.0,0.0,0.0,0,0,0,0,0,0,0,0,0,0,0,1,0,0,1,0,1
531248698,10.315599,10.184669,7.5143995,11.355898,-1.0,466.95093,0.08423859,1.1420254,nan,3,3.3948896,3.3948896,3.3948896,0.0,0.0,0.0,0.0,0.0,0.0,0.0,0.0,0.0,0.0,0.0,0.0,0.0,0.0,0.0,0.0,0.0,0,0,0,0,0,0,0,0,0,0,0,1,0,0,1,0,1
531438100,10.750199,10.238429,7.3655996,9.949483,-1.0,467.31186,0.10694176,1.1380184,nan,3,3.4128096,3.4128096,3.4128096,0.0,0.0,0.0,0.0,0.0,0.0,0.0,0.0,0.0,0.0,0.0,0.0,0.0,0.0,0.0,0.0,0.0,0,0,0,0,0,0,0,0,0,0,0,1,0,0,1,0,1
531647665,10.086,10.260692,10.341599,9.522191,-1.0,467.8083,0.115003645,1.1366023,nan,3,3.4202306,3.4202306,3.4202306,0.0,0.0,0.0,0.0,0.0,0.0,0.0,0.0,0.0,0.0,0.0,0.0,0.0,0.0,0.0,0.0,0.0,0,0,0,0,0,0,0,0,0,0,0,1,0,0,1,0,1
531848414,9.84,10.19451,13.8756,10.592601,-1.0,468.5137,0.08146435,1.1425169,nan,3,3.3981702,3.3981702,3.3981702,0.0,0.0,0.0,0.0,0.0,0.0,0.0,0.0,0.0,0.0,0.0,0.0,0.0,0.0,0.0,0.0,0.0,0,0,0,0,0,0,0,0,0,0,0,1,0,0,1,0,1
532047658,10.1024,10.141526,12.4372,11.757632,-1.0,469.30267,0.05940491,1.1464409,nan,3,3.3805087,3.3805087,3.3805087,0.0,0.0,0.0,0.0,0.0,0.0,0.0,0.0,0.0,0.0,0.0,0.0,0.0,0.0,0.0,0.0,0.0,0,0,0,0,0,0,0,0,0,0,0,1,0,0,1,0,2
532247663,10.168,10.132672,11.842,11.9073925,-1.0,469.98245,0.05864054,1.1465772,nan,3,3.3775575,3.3775575,3.3775575,0.0,0.0,0.0,0.0,0.0,0.0,0.0,0.0,0.0,0.0,0.0,0.0,0.0,0.0,0.0,0.0,0.0,0,0,0,0,0,0,0,0,0,0,0,1,0,0,1,0,2
532448083,10.2336,10.143282,11.9288,11.824253,-1.0,470.63312,0.06724268,1.1450436,nan,3,3.381094,3.381094,3.381094,0.0,0.0,0.0,0.0,0.0,0.0,0.0,0.0,0.0,0.0,0.0,0.0,0.0,0.0,0.0,0.0,0.0,0,0,0,0,0,0,0,0,0,0,0,1,0,0,1,0,2
532637920,9.7088,10.128901,11.1476,11.674124,-1.0,471.23157,0.059729636,1.1463829,nan,3,3.3763,3.3763,3.3763,0.0,0.0,0.0,0.0,0.0,0.0,0.0,0.0,0.0,0.0,0.0,0.0,0.0,0.0,0.0,0.0,0.0,0,0,0,0,0,0,0,0,0,0,0,1,0,0,1,0,2
532847707,10.0942,10.117908,11.0112,11.540054,-1.0,471.88898,0.053301394,1.1475313,nan,3,3.3726358,3.3726358,3.3726358,0.0,0.0,0.0,0.0,0.0,0.0,0.0,0.0,0.0,0.0,0.0,0.0,0.0,0.0,0.0,0.0,0.0,0,0,0,0,0,0,0,0,0,0,0,1,0,0,1,0,2
533047812,9.5776,10.085055,12.5364,11.613997,-1.0,472.54163,0.034906447,1.1508303,nan,3,3.361685,3.361685,3.361685,0.0,0.0,0.0,0.0,0.0,0.0,0.0,0.0,0.0,0.0,0.0,0.0,0.0,0.0,0.0,0.0,0.0,0,0,0,0,0,0,0,0,0,0,0,1,0,0,1,0,3
533247661,9.733399,10.034238,13.131599,12.133437,-1.0,473.2723,0.008843482,1.155537,nan,3,3.3447459,3.3447459,3.3447459,0.0,0.0,0.0,0.0,0.0,0.0,0.0,0.0,0.0,0.0,0.0,0.0,0.0,0.0,0.0,0.0,0.0,0,0,0,0,0,0,0,0,0,0,0,1,0,0,1,0,3
533447661,9.471,10.002599,12.462,12.547644,-1.0,474.0161,0.0,1.1571429,nan,3,3.3341997,3.3341997,3.3341997,0.0,0.0,0.0,0.0,0.0,0.0,0.0,0.0,0.0,0.0,0.0,0.0,0.0,0.0,0.0,0.0,0.0,0,0,0,0,0,0,0,0,0,0,0,1,0,0,1,0,3
533647661,9.922,9.965738,12.9456,12.848185,-1.0,474.764,0.0,1.1571429,nan,3,3.3219128,3.3219128,3.3219128,0.0,0.0,0.0,0.0,0.0,0.0,0.0,0.0,0.0,0.0,0.0,0.0,0.0,0.0,0.0,0.0,0.0,0,0,0,0,0,0,0,0,0,0,0,1,0,0,1,0,3
533837668,9.6924,9.947829,13.788799,13.132483,-1.0,475.48886,0.0,1.1571429,nan,3,3.315943,3.315943,3.315943,0.0,0.0,0.0,0.0,0.0,0.0,0.0,0.0,0.0,0.0,0.0,0.0,0.0,0.0,0.0,0.0,0.0,0,0,0,0,0,0,0,0,0,0,0,1,0,0,1,0,3
534048050,9.503799,9.908383,14.4832,13.536146,-1.0,476.3241,0.0,1.1571429,nan,3,3.3027945,3.3027945,3.3027945,0.0,0.0,0.0,0.0,0.0,0.0,0.0,0.0,0.0,0.0,0.0,0.0,0.0,0.0,0.0,0.0,0.0,0,0,0,0,0,0,0,0,0,0,0,1,0,0,1,0,3
534247956,9.4628,9.841017,14.9296,13.980262,-1.0,477.15167,0.0,1.1571429,nan,3,3.280339,3.280339,3.280339,0.0,0.0,0.0,0.0,0.0,0.0,0.0,0.0,0.0,0.0,0.0,0.0,0.0,0.0,0.0,0.0,0.0,0,0,0,0,0,0,0,0,0,0,0,1,0,0,1,0,3
534447769,9.8072,9.803444,14.4212,14.101191,-1.0,477.95126,0.0,1.1571429,nan,3,3.2678146,3.2678146,3.2678146,0.0,0.0,0.0,0.0,0.0,0.0,0.0,0.0,0.0,0.0,0.0,0.0,0.0,0.0,0.0,0.0,0.0,0,0,0,0,0,0,0,0,0,0,0,1,0,0,1,0,3
534647957,10.241799,9.808418,13.131599,13.924169,-1.0,478.70703,0.0,1.1571429,nan,3,3.2694728,3.2694728,3.2694728,0.0,0.0,0.0,0.0,0.0,0.0,0.0,0.0,0.0,0.0,0.0,0.0,0.0,0.0,0.0,0.0,0.0,0,0,0,0,0,0,0,0,0,0,0,1,0,0,1,0,3
534847676,10.373,9.852727,12.697599,13.493625,-1.0,479.407,0.0,1.1571429,nan,3,3.2842424,3.2842424,3.2842424,0.0,0.0,0.0,0.0,0.0,0.0,0.0,0.0,0.0,0.0,0.0,0.0,0.0,0.0,0.0,0.0,0.0,0,0,0,0,0,0,0,0,0,0,0,1,0,0,1,0,3
535047671,9.6432,9.859717,10.019199,12.900714,-1.0,480.05945,0.0,1.1571429,nan,3,3.2865725,3.2865725,3.2865725,0.0,0.0,0.0,0.0,0.0,0.0,0.0,0.0,0.0,0.0,0.0,0.0,0.0,0.0,0.0,0.0,0.0,0,0,0,0,0,0,0,0,0,0,0,1,0,0,1,0,3
535237658,10.307401,9.911023,12.9332,12.375892,-1.0,480.65063,0.0,1.1571429,nan,3,3.3036745,3.3036745,3.3036745,0.0,0.0,0.0,0.0,0.0,0.0,0.0,0.0,0.0,0.0,0.0,0.0,0.0,0.0,0.0,0.0,0.0,0,0,0,0,0,0,0,0,0,0,0,1,0,0,1,0,3
535437797,10.3566,9.925334,11.7924,12.1832485,-1.0,481.30707,0.0,1.1571429,nan,3,3.3084447,3.3084447,3.3084447,0.0,0.0,0.0,0.0,0.0,0.0,0.0,0.0,0.0,0.0,0.0,0.0,0.0,0.0,0.0,0.0,0.0,0,0,0,0,0,0,0,0,0,0,0,1,0,0,1,0,3
535647658,9.9712,9.92428,12.1768,12.20466,-1.0,482.01917,0.0,1.1571429,nan,3,3.3080933,3.3080933,3.3080933,0.0,0.0,0.0,0.0,0.0,0.0,0.0,0.0,0.0,0.0,0.0,0.0,0.0,0.0,0.0,0.0,0.0,0,0,0,0,0,0,0,0,0,0,0,1,0,0,1,0,3
535848164,10.217199,9.922914,13.454,12.346937,-1.0,482.72214,0.0,1.1571429,nan,3,3.307638,3.307638,3.307638,0.0,0.0,0.0,0.0,0.0,0.0,0.0,0.0,0.0,0.0,0.0,0.0,0.0,0.0,0.0,0.0,0.0,0,0,0,0,0,0,0,0,0,0,0,1,0,0,1,0,3
536047668,9.782599,9.91921,12.1396,12.401215,-1.0,483.41724,0.0,1.1571429,nan,3,3.3064034,3.3064034,3.3064034,0.0,0.0,0.0,0.0,0.0,0.0,0.0,0.0,0.0,0.0,0.0,0.0,0.0,0.0,0.0,0.0,0.0,0,0,0,0,0,0,0,0,0,0,0,1,0,0,1,0,3
536247702,10.307401,9.938397,13.0324,12.362191,-1.0,484.098,0.0,1.1571429,nan,3,3.3127992,3.3127992,3.3127992,0.0,0.0,0.0,0.0,0.0,0.0,0.0,0.0,0.0,0.0,0.0,0.0,0.0,0.0,0.0,0.0,0.0,0,0,0,0,0,0,0,0,0,0,0,1,0,0,1,0,3
536448009,10.036799,9.930564,10.7012,12.241176,-1.0,484.768,0.0,1.1571429,nan,3,3.310188,3.310188,3.310188,0.0,0.0,0.0,0.0,0.0,0.0,0.0,0.0,0.0,0.0,0.0,0.0,0.0,0.0,0.0,0.0,0.0,0,0,0,0,0,0,0,0,0,0,0,1,0,0,1,0,3
536637887,10.2336,9.947687,11.6312,11.972887,-1.0,485.36835,0.0,1.1571429,nan,3,3.3158958,3.3158958,3.3158958,0.0,0.0,0.0,0.0,0.0,0.0,0.0,0.0,0.0,0.0,0.0,0.0,0.0,0.0,0.0,0.0,0.0,0,0,0,0,0,0,0,0,0,0,0,1,0,0,1,0,3
536847710,9.8974,9.976419,12.2264,11.8937025,-1.0,486.0519,0.0,1.1571429,nan,3,3.325473,3.325473,3.325473,0.0,0.0,0.0,0.0,0.0,0.0,0.0,0.0,0.0,0.0,0.0,0.0,0.0,0.0,0.0,0.0,0.0,0,0,0,0,0,0,0,0,0,0,0,1,0,0,1,0,3
537047798,10.209,9.969883,13.0076,12.086359,-1.0,486.74475,0.0,1.1571429,nan,3,3.3232944,3.3232944,3.3232944,0.0,0.0,0.0,0.0,0.0,0.0,0.0,0.0,0.0,0.0,0.0,0.0,0.0,0.0,0.0,0.0,0.0,0,0,0,0,0,0,0,0,0,0,0,1,0,0,1,0,3
537247662,9.184,9.933111,13.8508,12.458076,-1.0,487.4772,0.0,1.1571429,nan,3,3.311037,3.311037,3.311037,0.0,0.0,0.0,0.0,0.0,0.0,0.0,0.0,0.0,0.0,0.0,0.0,0.0,0.0,0.0,0.0,0.0,0,0,0,0,0,0,0,0,0,0,0,1,0,0,1,0,3
537447661,10.200799,9.919158,13.540799,12.758378,-1.0,488.22104,0.0,1.1571429,nan,3,3.306386,3.306386,3.306386,0.0,0.0,0.0,0.0,0.0,0.0,0.0,0.0,0.0,0.0,0.0,0.0,0.0,0.0,0.0,0.0,0.0,0,0,0,0,0,0,0,0,0,0,0,1,0,0,1,0,3
537647661,9.6924,9.893592,13.6648,12.897794,-1.0,488.95193,0.0,1.1571429,nan,3,3.297864,3.297864,3.297864,0.0,0.0,0.0,0.0,0.0,0.0,0.0,0.0,0.0,0.0,0.0,0.0,0.0,0.0,0.0,0.0,0.0,0,0,0,0,0,0,0,0,0,0,0,1,0,0,1,0,3
537837668,10.0532,9.892299,11.6435995,12.729765,-1.0,489.60687,0.0,1.1571429,nan,3,3.297433,3.297433,3.297433,0.0,0.0,0.0,0.0,0.0,0.0,0.0,0.0,0.0,0.0,0.0,0.0,0.0,0.0,0.0,0.0,0.0,0,0,0,0,0,0,0,0,0,0,0,1,0,0,1,0,3
538037661,9.9466,9.902189,10.750799,12.292183,-1.0,490.24246,0.0,1.1571429,nan,3,3.3007298,3.3007298,3.3007298,0.0,0.0,0.0,0.0,0.0,0.0,0.0,0.0,0.0,0.0,0.0,0.0,0.0,0.0,0.0,0.0,0.0,0,0,0,0,0,0,0,0,0,0,0,1,0,0,1,0,3
538247916,9.7498,9.904813,11.1972,11.907502,-1.0,490.89255,0.0,1.1571429,nan,3,3.3016043,3.3016043,3.3016043,0.0,0.0,0.0,0.0,0.0,0.0,0.0,0.0,0.0,0.0,0.0,0.0,0.0,0.0,0.0,0.0,0.0,0,0,0,0,0,0,0,0,0,0,0,1,0,0,1,0,3
538447749,9.758,9.907911,11.2964,11.763537,-1.0,491.52927,0.0,1.1571429,nan,3,3.302637,3.302637,3.302637,0.0,0.0,0.0,0.0,0.0,0.0,0.0,0.0,0.0,0.0,0.0,0.0,0.0,0.0,0.0,0.0,0.0,0,0,0,0,0,0,0,0,0,0,0,1,0,0,1,0,3
538647917,9.8646,9.902569,12.0156,11.730206,-1.0,492.17694,0.0,1.1571429,nan,3,3.3008564,3.3008564,3.3008564,0.0,0.0,0.0,0.0,0.0,0.0,0.0,0.0,0.0,0.0,0.0,0.0,0.0,0.0,0.0,0.0,0.0,0,0,0,0,0,0,0,0,0,0,0,1,0,0,1,0,3
538847662,9.7662,9.888,12.7968,12.045104,-1.0,492.87952,0.0,1.1571429,nan,3,3.2959998,3.2959998,3.2959998,0.0,0.0,0.0,0.0,0.0,0.0,0.0,0.0,0.0,0.0,0.0,0.0,0.0,0.0,0.0,0.0,0.0,0,0,0,0,0,0,0,0,0,0,0,1,0,0,1,0,3
539047675,9.8974,9.871372,12.4744005,12.141822,-1.0,493.56567,0.0,1.1571429,nan,3,3.2904575,3.2904575,3.2904575,0.0,0.0,0.0,0.0,0.0,0.0,0.0,0.0,0.0,0.0,0.0,0.0,0.0,0.0,0.0,0.0,0.0,0,0,0,0,0,0,0,0,0,0,0,1,0,0,1,0,3
539248880,9.8564,9.865663,12.697599,12.316503,-1.0,494.27023,0.0,1.1571429,nan,3,3.2885542,3.2885542,3.2885542,0.0,0.0,0.0,0.0,0.0,0.0,0.0,0.0,0.0,0.0,0.0,0.0,0.0,0.0,0.0,0.0,0.0,0,0,0,0,0,0,0,0,0,0,0,1,0,0,1,0,3
539437855,9.7498,9.843737,14.0492,12.755975,-1.0,494.98886,0.0,1.1571429,nan,3,3.2812455,3.2812455,3.2812455,0.0,0.0,0.0,0.0,0.0,0.0,0.0,0.0,0.0,0.0,0.0,0.0,0.0,0.0,0.0,0.0,0.0,0,0,0,0,0,0,0,0,0,0,0,1,0,0,1,0,3
539647665,9.454599,9.824507,13.342401,13.192842,-1.0,495.8079,0.0,1.1571429,nan,3,3.2748356,3.2748356,3.2748356,0.0,0.0,0.0,0.0,0.0,0.0,0.0,0.0,0.0,0.0,0.0,0.0,0.0,0.0,0.0,0.0,0.0,0,0,0,0,0,0,0,0,0,0,0,1,0,0,1,0,3
539848768,9.471,9.822091,13.392,13.377831,-1.0,496.57703,0.0,1.1571429,nan,3,3.2740304,3.2740304,3.2740304,0.0,0.0,0.0,0.0,0.0,0.0,0.0,0.0,0.0,0.0,0.0,0.0,0.0,0.0,0.0,0.0,0.0,0,0,0,0,0,0,0,0,0,0,0,1,0,0,1,0,3
540037785,10.3894005,9.818411,12.4248,13.119192,-1.0,497.23752,0.0,1.1571429,nan,3,3.2728035,3.2728035,3.2728035,0.0,0.0,0.0,0.0,0.0,0.0,0.0,0.0,0.0,0.0,0.0,0.0,0.0,0.0,0.0,0.0,0.0,0,0,0,0,0,0,0,0,0,0,0,1,0,0,1,0,3
540247661,9.7416,9.821551,12.0032,12.697057,-1.0,497.92953,0.0,1.1571429,nan,3,3.2738504,3.2738504,3.2738504,0.0,0.0,0.0,0.0,0.0,0.0,0.0,0.0,0.0,0.0,0.0,0.0,0.0,0.0,0.0,0.0,0.0,0,0,0,0,0,0,0,0,0,0,0,1,0,0,1,0,3
540448139,9.8317995,9.814053,13.429199,12.893306,-1.0,498.667,0.0,1.1571429,nan,3,3.2713509,3.2713509,3.2713509,0.0,0.0,0.0,0.0,0.0,0.0,0.0,0.0,0.0,0.0,0.0,0.0,0.0,0.0,0.0,0.0,0.0,0,0,0,0,0,0,0,0,0,0,0,1,0,0,1,0,3
540637939,10.1352005,9.795654,13.0696,13.022837,-1.0,499.36874,0.0,1.1571429,nan,3,3.265218,3.265218,3.265218,0.0,0.0,0.0,0.0,0.0,0.0,0.0,0.0,0.0,0.0,0.0,0.0,0.0,0.0,0.0,0.0,0.0,0,0,0,0,0,0,0,0,0,0,0,1,0,0,1,0,3
540837813,9.594,9.779369,13.9376,13.284741,-1.0,500.1351,0.0,1.1571429,nan,3,3.2597897,3.2597897,3.2597897,0.0,0.0,0.0,0.0,0.0,0.0,0.0,0.0,0.0,0.0,0.0,0.0,0.0,0.0,0.0,0.0,0.0,0,0,0,0,0,0,0,0,0,0,0,1,0,0,1,0,3
541047870,9.3726,9.767075,12.958,13.427662,-1.0,500.93802,0.0,1.1571429,nan,3,3.2556915,3.2556915,3.2556915,0.0,0.0,0.0,0.0,0.0,0.0,0.0,0.0,0.0,0.0,0.0,0.0,0.0,0.0,0.0,0.0,0.0,0,0,0,0,0,0,0,0,0,0,0,1,0,0,1,0,3
541247673,9.8072,9.768792,12.2512,13.21643,-1.0,501.64868,0.0,1.1571429,nan,3,3.256264,3.256264,3.256264,0.0,0.0,0.0,0.0,0.0,0.0,0.0,0.0,0.0,0.0,0.0,0.0,0.0,0.0,0.0,0.0,0.0,0,0,0,0,0,0,0,0,0,0,0,1,0,0,1,0,3
541447658,9.3152,9.76842,12.288401,13.108896,-1.0,502.3638,0.0,1.1571429,nan,3,3.25614,3.25614,3.25614,0.0,0.0,0.0,0.0,0.0,0.0,0.0,0.0,0.0,0.0,0.0,0.0,0.0,0.0,0.0,0.0,0.0,0,0,0,0,0,0,0,0,0,0,0,1,0,0,1,0,3
541647953,9.7252,9.775785,11.829599,12.7398405,-1.0,503.0319,0.0,1.1571429,nan,3,3.2585952,3.2585952,3.2585952,0.0,0.0,0.0,0.0,0.0,0.0,0.0,0.0,0.0,0.0,0.0,0.0,0.0,0.0,0.0,0.0,0.0,0,0,0,0,0,0,0,0,0,0,0,1,0,0,1,0,3
541847892,9.659599,9.77537,12.7472,12.564599,-1.0,503.709,0.0,1.1571429,nan,3,3.2584565,3.2584565,3.2584565,0.0,0.0,0.0,0.0,0.0,0.0,0.0,0.0,0.0,0.0,0.0,0.0,0.0,0.0,0.0,0.0,0.0,0,0,0,0,0,0,0,0,0,0,0,1,0,0,1,0,3
542037661,9.7006,9.770383,12.5984,12.51591,-1.0,504.362,0.0,1.1571429,nan,3,3.2567942,3.2567942,3.2567942,0.0,0.0,0.0,0.0,0.0,0.0,0.0,0.0,0.0,0.0,0.0,0.0,0.0,0.0,0.0,0.0,0.0,0,0,0,0,0,0,0,0,0,0,0,1,0,0,1,0,3
542247789,9.594,9.776371,12.9332,12.79118,-1.0,505.13977,0.0,1.1571429,nan,3,3.2587903,3.2587903,3.2587903,0.0,0.0,0.0,0.0,0.0,0.0,0.0,0.0,0.0,0.0,0.0,0.0,0.0,0.0,0.0,0.0,0.0,0,0,0,0,0,0,0,0,0,0,0,1,0,0,1,0,3
542448718,9.799,9.781067,13.454,12.813749,-1.0,505.85806,0.0,1.1571429,nan,3,3.2603557,3.2603557,3.2603557,0.0,0.0,0.0,0.0,0.0,0.0,0.0,0.0,0.0,0.0,0.0,0.0,0.0,0.0,0.0,0.0,0.0,0,0,0,0,0,0,0,0,0,0,0,1,0,0,1,0,3
542651426,9.528399,9.784039,12.7844,12.807421,-1.0,506.578,0.0,1.1571429,nan,3,3.261346,3.261346,3.261346,0.0,0.0,0.0,0.0,0.0,0.0,0.0,0.0,0.0,0.0,0.0,0.0,0.0,0.0,0.0,0.0,0.0,0,0,0,0,0,0,0,0,0,0,0,1,0,0,1,0,3
542847668,9.963,9.793607,12.1024,12.644674,-1.0,507.2504,0.0,1.1571429,nan,3,3.2645357,3.2645357,3.2645357,0.0,0.0,0.0,0.0,0.0,0.0,0.0,0.0,0.0,0.0,0.0,0.0,0.0,0.0,0.0,0.0,0.0,0,0,0,0,0,0,0,0,0,0,0,1,0,0,1,0,3
543048131,9.7088,9.817309,10.9244,12.301752,-1.0,507.89792,0.0,1.1571429,nan,3,3.2724364,3.2724364,3.2724364,0.0,0.0,0.0,0.0,0.0,0.0,0.0,0.0,0.0,0.0,0.0,0.0,0.0,0.0,0.0,0.0,0.0,0,0,0,0,0,0,0,0,0,0,0,1,0,0,1,0,3
543248475,9.307,9.8265705,11.6064005,12.011231,-1.0,508.5332,0.0,1.1571429,nan,3,3.2755234,3.2755234,3.2755234,0.0,0.0,0.0,0.0,0.0,0.0,0.0,0.0,0.0,0.0,0.0,0.0,0.0,0.0,0.0,0.0,0.0,0,0,0,0,0,0,0,0,0,0,0,1,0,0,1,0,3
543447684,10.004,9.848234,12.0032,11.862672,-1.0,509.17017,0.0,1.1571429,nan,3,3.2827446,3.2827446,3.2827446,0.0,0.0,0.0,0.0,0.0,0.0,0.0,0.0,0.0,0.0,0.0,0.0,0.0,0.0,0.0,0.0,0.0,0,0,0,0,0,0,0,0,0,0,0,1,0,0,1,0,3
543648179,10.323799,9.843285,12.8836,11.863375,-1.0,509.83133,0.0,1.1571429,nan,3,3.2810948,3.2810948,3.2810948,0.0,0.0,0.0,0.0,0.0,0.0,0.0,0.0,0.0,0.0,0.0,0.0,0.0,0.0,0.0,0.0,0.0,0,0,0,0,0,0,0,0,0,0,0,1,0,0,1,0,3
543848143,9.2414,9.831758,13.1564,12.00796,-1.0,510.51385,0.0,1.1571429,nan,3,3.2772524,3.2772524,3.2772524,0.0,0.0,0.0,0.0,0.0,0.0,0.0,0.0,0.0,0.0,0.0,0.0,0.0,0.0,0.0,0.0,0.0,0,0,0,0,0,0,0,0,0,0,0,1,0,0,1,0,3
544037686,9.4382,9.829906,11.036,12.059553,-1.0,511.15857,0.0,1.1571429,nan,3,3.2766354,3.2766354,3.2766354,0.0,0.0,0.0,0.0,0.0,0.0,0.0,0.0,0.0,0.0,0.0,0.0,0.0,0.0,0.0,0.0,0.0,0,0,0,0,0,0,0,0,0,0,0,1,0,0,1,0,3
544248091,9.4628,9.823401,11.420401,12.014314,-1.0,511.8551,0.0,1.1571429,nan,3,3.2744672,3.2744672,3.2744672,0.0,0.0,0.0,0.0,0.0,0.0,0.0,0.0,0.0,0.0,0.0,0.0,0.0,0.0,0.0,0.0,0.0,0,0,0,0,0,0,0,0,0,0,0,1,0,0,1,0,3
544447906,9.5448,9.80726,13.292799,12.160359,-1.0,512.54443,0.0,1.1571429,nan,3,3.2690866,3.2690866,3.2690866,0.0,0.0,0.0,0.0,0.0,0.0,0.0,0.0,0.0,0.0,0.0,0.0,0.0,0.0,0.0,0.0,0.0,0,0,0,0,0,0,0,0,0,0,0,1,0,0,1,0,3
544649158,10.045,9.800478,10.2671995,12.40055,-1.0,513.27374,0.0,1.1571429,nan,3,3.266826,3.266826,3.266826,0.0,0.0,0.0,0.0,0.0,0.0,0.0,0.0,0.0,0.0,0.0,0.0,0.0,0.0,0.0,0.0,0.0,0,0,0,0,0,0,0,0,0,0,0,1,0,0,1,0,3
544847784,9.8072,9.827921,10.044,11.60139,-1.0,513.82336,0.0,1.1571429,nan,3,3.2759736,3.2759736,3.2759736,0.0,0.0,0.0,0.0,0.0,0.0,0.0,0.0,0.0,0.0,0.0,0.0,0.0,0.0,0.0,0.0,0.0,0,0,0,0,0,0,0,0,0,0,0,1,0,0,1,0,3
545047664,9.963,9.856635,9.858,11.165794,-1.0,514.39264,0.0,1.1571429,nan,3,3.285545,3.285545,3.285545,0.0,0.0,0.0,0.0,0.0,0.0,0.0,0.0,0.0,0.0,0.0,0.0,0.0,0.0,0.0,0.0,0.0,0,0,0,0,0,0,0,0,0,0,0,1,0,0,1,0,3
545248949,10.1762,9.861866,10.6764,10.948031,-1.0,514.9796,0.0,1.1571429,nan,3,3.2872887,3.2872887,3.2872887,0.0,0.0,0.0,0.0,0.0,0.0,0.0,0.0,0.0,0.0,0.0,0.0,0.0,0.0,0.0,0.0,0.0,0,0,0,0,0,0,0,0,0,0,0,1,0,0,1,0,3
545447661,10.0696,9.869985,10.887199,10.967588,-1.0,515.588,0.0,1.1571429,nan,3,3.289995,3.289995,3.289995,0.0,0.0,0.0,0.0,0.0,0.0,0.0,0.0,0.0,0.0,0.0,0.0,0.0,0.0,0.0,0.0,0.0,0,0,0,0,0,0,0,0,0,0,0,1,0,0,1,0,3
545647973,10.3976,9.8948,11.1972,11.079653,-1.0,516.21857,0.0,1.1571429,nan,3,3.2982666,3.2982666,3.2982666,0.0,0.0,0.0,0.0,0.0,0.0,0.0,0.0,0.0,0.0,0.0,0.0,0.0,0.0,0.0,0.0,0.0,0,0,0,0,0,0,0,0,0,0,0,1,0,0,1,0,3
545848899,9.930201,9.91571,11.0608,11.045404,-1.0,516.8313,0.0,1.1571429,nan,3,3.3052368,3.3052368,3.3052368,0.0,0.0,0.0,0.0,0.0,0.0,0.0,0.0,0.0,0.0,0.0,0.0,0.0,0.0,0.0,0.0,0.0,0,0,0,0,0,0,0,0,0,0,0,1,0,0,1,0,3
546048768,9.6924,9.913387,10.502799,10.876489,-1.0,517.41614,0.0,1.1571429,nan,3,3.3044624,3.3044624,3.3044624,0.0,0.0,0.0,0.0,0.0,0.0,0.0,0.0,0.0,0.0,0.0,0.0,0.0,0.0,0.0,0.0,0.0,0,0,0,0,0,0,0,0,0,0,0,1,0,0,1,0,3
546247742,9.7662,9.916719,10.887199,10.9051695,-1.0,518.02234,0.0,1.1571429,nan,3,3.3055732,3.3055732,3.3055732,0.0,0.0,0.0,0.0,0.0,0.0,0.0,0.0,0.0,0.0,0.0,0.0,0.0,0.0,0.0,0.0,0.0,0,0,0,0,0,0,0,0,0,0,0,1,0,0,1,0,3
546448531,9.9958,9.92294,10.750799,10.878614,-1.0,518.626,0.0,1.1571429,nan,3,3.3076468,3.3076468,3.3076468,0.0,0.0,0.0,0.0,0.0,0.0,0.0,0.0,0.0,0.0,0.0,0.0,0.0,0.0,0.0,0.0,0.0,0,0,0,0,0,0,0,0,0,0,0,1,0,0,1,0,3
546648427,10.1105995,9.914166,11.1352,10.94822,-1.0,519.2423,0.0,1.1571429,nan,3,3.304722,3.304722,3.304722,0.0,0.0,0.0,0.0,0.0,0.0,0.0,0.0,0.0,0.0,0.0,0.0,0.0,0.0,0.0,0.0,0.0,0,0,0,0,0,0,0,0,0,0,0,1,0,0,1,0,3
546838058,10.2582,9.926011,11.594,11.119397,-1.0,519.84845,0.0,1.1571429,nan,3,3.3086703,3.3086703,3.3086703,0.0,0.0,0.0,0.0,0.0,0.0,0.0,0.0,0.0,0.0,0.0,0.0,0.0,0.0,0.0,0.0,0.0,0,0,0,0,0,0,0,0,0,0,0,1,0,0,1,0,3
547047661,9.9056,9.91602,11.321199,11.217086,-1.0,520.5134,0.0,1.1571429,nan,3,3.30534,3.30534,3.30534,0.0,0.0,0.0,0.0,0.0,0.0,0.0,0.0,0.0,0.0,0.0,0.0,0.0,0.0,0.0,0.0,0.0,0,0,0,0,0,0,0,0,0,0,0,1,0,0,1,0,3
547248334,9.3234,9.917949,10.7632,11.262822,-1.0,521.14545,0.0,1.1571429,nan,3,3.3059828,3.3059828,3.3059828,0.0,0.0,0.0,0.0,0.0,0.0,0.0,0.0,0.0,0.0,0.0,0.0,0.0,0.0,0.0,0.0,0.0,0,0,0,0,0,0,0,0,0,0,0,1,0,0,1,0,3
547449802,10.0122,9.921496,10.9244,11.248351,-1.0,521.7752,0.0,1.1571429,nan,3,3.3071654,3.3071654,3.3071654,0.0,0.0,0.0,0.0,0.0,0.0,0.0,0.0,0.0,0.0,0.0,0.0,0.0,0.0,0.0,0.0,0.0,0,0,0,0,0,0,0,0,0,0,0,1,0,0,1,0,3
547637661,9.5612,9.949519,10.6516,11.114443,-1.0,522.3396,0.0,1.1571429,nan,3,3.3165064,3.3165064,3.3165064,0.0,0.0,0.0,0.0,0.0,0.0,0.0,0.0,0.0,0.0,0.0,0.0,0.0,0.0,0.0,0.0,0.0,0,0,0,0,0,0,0,0,0,0,0,1,0,0,1,0,3
547848205,10.323799,9.949104,11.2095995,10.974724,-1.0,522.96576,0.0,1.1571429,nan,3,3.316368,3.316368,3.316368,0.0,0.0,0.0,0.0,0.0,0.0,0.0,0.0,0.0,0.0,0.0,0.0,0.0,0.0,0.0,0.0,0.0,0,0,0,0,0,0,0,0,0,0,0,1,0,0,1,0,3
548037664,9.758,9.956271,10.3044,10.8562765,-1.0,523.52466,0.0,1.1571429,nan,3,3.318757,3.318757,3.318757,0.0,0.0,0.0,0.0,0.0,0.0,0.0,0.0,0.0,0.0,0.0,0.0,0.0,0.0,0.0,0.0,0.0,0,0,0,0,0,0,0,0,0,0,0,1,0,0,1,0,3
548247711,10.086,9.959335,10.85,10.820509,-1.0,524.151,0.0,1.1571429,nan,3,3.3197784,3.3197784,3.3197784,0.0,0.0,0.0,0.0,0.0,0.0,0.0,0.0,0.0,0.0,0.0,0.0,0.0,0.0,0.0,0.0,0.0,0,0,0,0,0,0,0,0,0,0,0,1,0,0,1,0,3
548447817,9.8072,9.950259,10.986401,10.756545,-1.0,524.74097,0.0,1.1571429,nan,3,3.3167531,3.3167531,3.3167531,0.0,0.0,0.0,0.0,0.0,0.0,0.0,0.0,0.0,0.0,0.0,0.0,0.0,0.0,0.0,0.0,0.0,0,0,0,0,0,0,0,0,0,0,0,1,0,0,1,0,3
548647663,10.0532,9.942743,11.5444,10.931794,-1.0,525.3668,0.0,1.1571429,nan,3,3.3142478,3.3142478,3.3142478,0.0,0.0,0.0,0.0,0.0,0.0,0.0,0.0,0.0,0.0,0.0,0.0,0.0,0.0,0.0,0.0,0.0,0,0,0,0,0,0,0,0,0,0,0,1,0,0,1,0,3
548847668,10.0286,9.9369955,11.3584,11.098606,-1.0,526.0024,0.0,1.1571429,nan,3,3.312332,3.312332,3.312332,0.0,0.0,0.0,0.0,0.0,0.0,0.0,0.0,0.0,0.0,0.0,0.0,0.0,0.0,0.0,0.0,0.0,0,0,0,0,0,0,0,0,0,0,0,1,0,0,1,0,3
549047702,10.0778,9.901091,11.0112,11.161521,-1.0,526.6308,0.0,1.1571429,nan,3,3.3003635,3.3003635,3.3003635,0.0,0.0,0.0,0.0,0.0,0.0,0.0,0.0,0.0,0.0,0.0,0.0,0.0,0.0,0.0,0.0,0.0,0,0,0,0,0,0,0,0,0,0,0,1,0,0,1,0,3
549237670,9.7662,9.900224,10.552401,11.019232,-1.0,527.1956,0.0,1.1571429,nan,3,3.3000746,3.3000746,3.3000746,0.0,0.0,0.0,0.0,0.0,0.0,0.0,0.0,0.0,0.0,0.0,0.0,0.0,0.0,0.0,0.0,0.0,0,0,0,0,0,0,0,0,0,0,0,1,0,0,1,0,3
549448182,10.3566,9.929997,10.8252,11.029807,-1.0,527.8415,0.0,1.1571429,nan,3,3.3099992,3.3099992,3.3099992,0.0,0.0,0.0,0.0,0.0,0.0,0.0,0.0,0.0,0.0,0.0,0.0,0.0,0.0,0.0,0.0,0.0,0,0,0,0,0,0,0,0,0,0,0,1,0,0,1,0,3
549647852,9.8072,9.912839,9.4612,10.792378,-1.0,528.41516,0.0,1.1571429,nan,3,3.3042796,3.3042796,3.3042796,0.0,0.0,0.0,0.0,0.0,0.0,0.0,0.0,0.0,0.0,0.0,0.0,0.0,0.0,0.0,0.0,0.0,0,0,0,0,0,0,0,0,0,0,0,1,0,0,1,0,3
549847748,9.7744,9.911007,9.9696,10.472177,-1.0,528.9599,0.0,1.1571429,nan,3,3.303669,3.303669,3.303669,0.0,0.0,0.0,0.0,0.0,0.0,0.0,0.0,0.0,0.0,0.0,0.0,0.0,0.0,0.0,0.0,0.0,0,0,0,0,0,0,0,0,0,0,0,1,0,0,1,0,3
550047970,10.0204,9.936234,8.5684,10.239863,-1.0,529.50586,0.0,1.1571429,nan,3,3.3120782,3.3120782,3.3120782,0.0,0.0,0.0,0.0,0.0,0.0,0.0,0.0,0.0,0.0,0.0,0.0,0.0,0.0,0.0,0.0,0.0,0,0,0,0,0,0,0,0,0,0,0,1,0,0,1,0,3
550247695,10.4714,9.997089,7.0308,9.381204,-1.0,529.93054,0.0,1.1571429,nan,3,3.3323631,3.3323631,3.3323631,0.0,0.0,0.0,0.0,0.0,0.0,0.0,0.0,0.0,0.0,0.0,0.0,0.0,0.0,0.0,0.0,0.0,0,0,0,0,0,0,0,0,0,0,0,1,0,0,1,0,3
550447661,10.1516,10.066925,7.1548,8.502767,-1.0,530.30133,0.0015221238,1.1568662,nan,3,3.3556416,3.3556416,3.3556416,0.0,0.0,0.0,0.0,0.0,0.0,0.0,0.0,0.0,0.0,0.0,0.0,0.0,0.0,0.0,0.0,0.0,0,0,0,0,0,0,0,0,0,0,0,1,0,0,1,0,3
550637661,9.963,10.074342,9.6224,8.56358,-1.0,530.75586,0.00249964,1.1566886,nan,3,3.358114,3.358114,3.358114,0.0,0.0,0.0,0.0,0.0,0.0,0.0,0.0,0.0,0.0,0.0,0.0,0.0,0.0,0.0,0.0,0.0,0,0,0,0,0,0,0,0,0,0,0,1,0,0,1,0,3
550837956,10.1188,10.05176,10.354,9.3573,-1.0,531.36554,0.0,1.1571429,nan,3,3.3505867,3.3505867,3.3505867,0.0,0.0,0.0,0.0,0.0,0.0,0.0,0.0,0.0,0.0,0.0,0.0,0.0,0.0,0.0,0.0,0.0,0,0,0,0,0,0,0,0,0,0,0,1,0,0,1,0,3
551047658,10.2336,10.064127,9.114,9.386501,-1.0,531.9173,0.0003953576,1.157071,nan,3,3.354709,3.354709,3.354709,0.0,0.0,0.0,0.0,0.0,0.0,0.0,0.0,0.0,0.0,0.0,0.0,0.0,0.0,0.0,0.0,0.0,0,0,0,0,0,0,0,0,0,0,0,1,0,0,1,0,3
551248711,10.184401,10.061759,9.7216,9.397704,-1.0,532.4432,0.0,1.1571429,nan,3,3.3539197,3.3539197,3.3539197,0.0,0.0,0.0,0.0,0.0,0.0,0.0,0.0,0.0,0.0,0.0,0.0,0.0,0.0,0.0,0.0,0.0,0,0,0,0,0,0,0,0,0,0,0,1,0,0,1,0,3
551447666,9.930201,10.035955,10.936799,9.672873,-1.0,533.0066,0.0,1.1571429,nan,3,3.3453186,3.3453186,3.3453186,0.0,0.0,0.0,0.0,0.0,0.0,0.0,0.0,0.0,0.0,0.0,0.0,0.0,0.0,0.0,0.0,0.0,0,0,0,0,0,0,0,0,0,0,0,1,0,0,1,0,3
551647661,9.8236,10.014481,9.7216,9.909519,-1.0,533.5867,0.0,1.1571429,nan,3,3.3381603,3.3381603,3.3381603,0.0,0.0,0.0,0.0,0.0,0.0,0.0,0.0,0.0,0.0,0.0,0.0,0.0,0.0,0.0,0.0,0.0,0,0,0,0,0,0,0,0,0,0,0,1,0,0,1,0,3
551848428,9.987599,10.009857,9.1884,9.901546,-1.0,534.1421,0.0,1.1571429,nan,3,3.3366191,3.3366191,3.3366191,0.0,0.0,0.0,0.0,0.0,0.0,0.0,0.0,0.0,0.0,0.0,0.0,0.0,0.0,0.0,0.0,0.0,0,0,0,0,0,0,0,0,0,0,0,1,0,0,1,0,3
552038034,9.9712,10.015707,9.0644,9.727249,-1.0,534.63544,0.0,1.1571429,nan,3,3.338569,3.338569,3.338569,0.0,0.0,0.0,0.0,0.0,0.0,0.0,0.0,0.0,0.0,0.0,0.0,0.0,0.0,0.0,0.0,0.0,0,0,0,0,0,0,0,0,0,0,0,1,0,0,1,0,3
552247711,10.1105995,10.023791,10.0068,9.709135,-1.0,535.1975,0.0,1.1571429,nan,3,3.3412638,3.3412638,3.3412638,0.0,0.0,0.0,0.0,0.0,0.0,0.0,0.0,0.0,0.0,0.0,0.0,0.0,0.0,0.0,0.0,0.0,0,0,0,0,0,0,0,0,0,0,0,1,0,0,1,0,3
552448256,10.717401,10.076019,2.976,9.048637,-1.0,535.63586,0.00526911,1.1561856,nan,3,3.358673,3.358673,3.358673,0.0,0.0,0.0,0.0,0.0,0.0,0.0,0.0,0.0,0.0,0.0,0.0,0.0,0.0,0.0,0.0,0.0,0,0,0,0,0,0,0,0,0,0,0,1,0,0,1,0,3
552647663,10.5616,10.17366,3.6827998,7.0427065,-1.0,535.795,0.039755404,1.1499588,nan,3,3.39122,3.39122,3.39122,0.0,0.0,0.0,0.0,0.0,0.0,0.0,0.0,0.0,0.0,0.0,0.0,0.0,0.0,0.0,0.0,0.0,0,0,0,0,0,0,0,0,0,0,0,1,0,0,1,0,3
552847668,10.4878,10.206791,3.658,6.5358334,-1.0,536.1003,0.04354292,1.149279,nan,3,3.4022636,3.4022636,3.4022636,0.0,0.0,0.0,0.0,0.0,0.0,0.0,0.0,0.0,0.0,0.0,0.0,0.0,0.0,0.0,0.0,0.0,0,0,0,0,0,0,0,0,0,0,0,1,0,0,1,0,3
553047663,11.143799,10.287795,3.038,5.6000323,-1.0,536.3036,0.07397038,1.1438469,nan,3,3.429265,3.429265,3.429265,0.0,0.0,0.0,0.0,0.0,0.0,0.0,0.0,0.0,0.0,0.0,0.0,0.0,0.0,0.0,0.0,0.0,0,0,0,0,0,0,0,0,0,0,0,1,0,0,1,0,1
553247818,11.0946,10.379607,2.108,4.489997,-1.0,536.42816,0.106399596,1.1381137,nan,3,3.4598691,3.4598691,3.4598691,0.0,0.0,0.0,0.0,0.0,0.0,0.0,0.0,0.0,0.0,0.0,0.0,0.0,0.0,0.0,0.0,0.0,0,0,0,0,0,0,0,0,0,0,0,1,0,0,1,0,1
553437665,10.619,10.455962,2.2071998,3.7139518,-1.0,536.53436,0.13305336,1.1334444,nan,3,3.4853208,3.4853208,3.4853208,0.0,0.0,0.0,0.0,0.0,0.0,0.0,0.0,0.0,0.0,0.0,0.0,0.0,0.0,0.0,0.0,0.0,0,0,0,0,0,0,0,0,0,0,0,1,0,0,1,0,1
553638874,11.143799,10.52458,2.294,3.184403,-1.0,536.651,0.1576243,1.1291739,nan,3,3.5081933,3.5081933,3.5081933,0.0,0.0,0.0,0.0,0.0,0.0,0.0,0.0,0.0,0.0,0.0,0.0,0.0,0.0,0.0,0.0,0.0,0,0,0,0,0,0,0,0,0,0,0,1,0,0,1,0,0
553847680,10.6682,10.571159,1.9344,2.7974358,-1.0,536.76996,0.1712833,1.1268137,nan,3,3.5237198,3.5237198,3.5237198,0.0,0.0,0.0,0.0,0.0,0.0,0.0,0.0,0.0,0.0,0.0,0.0,0.0,0.0,0.0,0.0,0.0,0,0,0,0,0,0,0,0,0,0,0,1,0,0,1,0,0
554047912,10.9224,10.628191,0.9672,2.255741,-1.0,536.836,0.18497998,1.1244569,nan,3,3.5427303,3.5427303,3.5427303,0.0,0.0,0.0,0.0,0.0,0.0,0.0,0.0,0.0,0.0,0.0,0.0,0.0,0.0,0.0,0.0,0.0,0,0,0,0,0,0,0,0,0,0,0,1,0,0,1,0,0
554247660,11.0044,10.68185,0.93,1.806847,-1.0,536.8848,0.19823796,1.122185,nan,3,3.5606167,3.5606167,3.5606167,0.0,0.0,0.0,0.0,0.0,0.0,0.0,0.0,0.0,0.0,0.0,0.0,0.0,0.0,0.0,0.0,0.0,0,0,0,0,0,0,0,0,0,0,0,1,0,0,1,0,0
554447661,10.9716,10.724002,0.8556,1.5106103,-1.0,536.93494,0.20799786,1.1205183,nan,3,3.5746672,3.5746672,3.5746672,0.0,0.0,0.0,0.0,0.0,0.0,0.0,0.0,0.0,0.0,0.0,0.0,0.0,0.0,0.0,0.0,0.0,0,0,0,0,0,0,0,0,0,0,0,1,0,0,1,0,0
554648625,11.2176,10.776194,1.0416,1.3316624,-1.0,536.9887,0.22669226,1.1173398,nan,3,3.5920646,3.5920646,3.5920646,0.0,0.0,0.0,0.0,0.0,0.0,0.0,0.0,0.0,0.0,0.0,0.0,0.0,0.0,0.0,0.0,0.0,0,0,0,0,0,0,0,0,0,0,0,1,0,0,1,0,0
554838329,10.7256,10.811338,0.79359996,1.2000432,-1.0,537.0369,0.23787075,1.1154479,nan,3,3.6037796,3.6037796,3.6037796,0.0,0.0,0.0,0.0,0.0,0.0,0.0,0.0,0.0,0.0,0.0,0.0,0.0,0.0,0.0,0.0,0.0,0,0,0,0,0,0,0,0,0,0,0,1,0,0,1,0,0
555047661,11.078199,10.850513,1.0292,1.1340717,-1.0,537.0954,0.25244194,1.1129912,nan,3,3.6168377,3.6168377,3.6168377,0.0,0.0,0.0,0.0,0.0,0.0,0.0,0.0,0.0,0.0,0.0,0.0,0.0,0.0,0.0,0.0,0.0,0,0,0,0,0,0,0,0,0,0,0,1,0,0,1,0,0
555248337,10.824,10.87073,0.79359996,1.0603834,-1.0,537.1459,0.2575732,1.1121286,nan,3,3.6235769,3.6235769,3.6235769,0.0,0.0,0.0,0.0,0.0,0.0,0.0,0.0,0.0,0.0,0.0,0.0,0.0,0.0,0.0,0.0,0.0,0,0,0,0,0,0,0,0,0,0,0,1,0,0,1,0,0
555437658,10.7912,10.896336,0.97959995,1.0315526,-1.0,537.19696,0.26752,1.1104604,nan,3,3.6321118,3.6321118,3.6321118,0.0,0.0,0.0,0.0,0.0,0.0,0.0,0.0,0.0,0.0,0.0,0.0,0.0,0.0,0.0,0.0,0.0,0,0,0,0,0,0,0,0,0,0,0,1,0,0,1,0,0
555647661,11.0044,10.911409,0.9176,0.9973869,-1.0,537.25116,0.27160698,1.1097765,nan,3,3.6371365,3.6371365,3.6371365,0.0,0.0,0.0,0.0,0.0,0.0,0.0,0.0,0.0,0.0,0.0,0.0,0.0,0.0,0.0,0.0,0.0,0,0,0,0,0,0,0,0,0,0,0,1,0,0,1,0,0
555847845,10.9962,10.925248,1.054,0.9765289,-1.0,537.3031,0.27607447,1.1090298,nan,3,3.6417494,3.6417494,3.6417494,0.0,0.0,0.0,0.0,0.0,0.0,0.0,0.0,0.0,0.0,0.0,0.0,0.0,0.0,0.0,0.0,0.0,0,0,0,0,0,0,0,0,0,0,0,1,0,0,1,0,0
556038057,11.102799,10.959712,0.0,0.765121,-1.0,537.32104,0.29389483,1.1060611,nan,3,3.6532373,3.6532373,3.6532373,0.0,0.0,0.0,0.0,0.0,0.0,0.0,0.0,0.0,0.0,0.0,0.0,0.0,0.0,0.0,0.0,0.0,0,0,0,0,0,0,0,0,0,0,0,1,0,0,1,0,0
556237731,11.1765995,10.999568,0.0,0.5180236,-1.0,537.32153,0.31539065,1.1025014,nan,3,3.6665227,3.6665227,3.6665227,0.0,0.0,0.0,0.0,0.0,0.0,0.0,0.0,0.0,0.0,0.0,0.0,0.0,0.0,0.0,0.0,0.0,0,0,0,0,0,0,0,0,0,0,0,1,0,0,1,0,0
556447660,11.4472,11.035485,0.0,0.34338143,-1.0,537.32184,0.33488184,1.0992934,nan,3,3.6784952,3.6784952,3.6784952,0.0,0.0,0.0,0.0,0.0,0.0,0.0,0.0,0.0,0.0,0.0,0.0,0.0,0.0,0.0,0.0,0.0,0,0,0,0,0,0,0,0,0,0,0,1,0,0,1,0,0
556637757,11.2176,11.055797,0.0,0.2367914,-1.0,537.322,0.3455034,1.097553,nan,3,3.6852655,3.6852655,3.6852655,0.0,0.0,0.0,0.0,0.0,0.0,0.0,0.0,0.0,0.0,0.0,0.0,0.0,0.0,0.0,0.0,0.0,0,0,0,0,0,0,0,0,0,0,0,1,0,0,1,0,0
556847662,11.3488,11.084151,0.0,0.15622923,-1.0,537.322,0.36115843,1.094998,nan,3,3.6947172,3.6947172,3.6947172,0.0,0.0,0.0,0.0,0.0,0.0,0.0,0.0,0.0,0.0,0.0,0.0,0.0,0.0,0.0,0.0,0.0,0,0,0,0,0,0,0,0,0,0,0,1,0,0,1,0,0
