timestamp,timestamp_sample,q[0],q[1],q[2],q[3],delta_q_reset[0],delta_q_reset[1],delta_q_reset[2],delta_q_reset[3],quat_reset_counter
523243100,523242284,0.99127346,0.024711823,-0.012943373,0.1288362,0.99999464,7.820783e-11,-2.982317e-11,0.0033009294,8
523297282,523296399,0.9912751,0.024696978,-0.012993422,0.1288223,0.99999464,7.820783e-11,-2.982317e-11,0.0033009294,8
523346817,523346001,0.9912805,0.024727171,-0.013007353,0.12877281,0.99999464,7.820783e-11,-2.982317e-11,0.0033009294,8
523396529,523395606,0.99127954,0.0246856,-0.0128877545,0.12880032,0.99999464,7.820783e-11,-2.982317e-11,0.0033009294,8
523446015,523445211,0.9912864,0.024603406,-0.012934083,0.12875788,0.99999464,7.820783e-11,-2.982317e-11,0.0033009294,8
523495637,523494816,0.9912847,0.024654957,-0.01293297,0.12876171,0.99999464,7.820783e-11,-2.982317e-11,0.0033009294,8
523545224,523544422,0.99127704,0.024761204,-0.012928186,0.12880094,0.99999464,7.820783e-11,-2.982317e-11,0.0033009294,8
523594845,523594026,0.9912926,0.024636166,-0.012927813,0.12870501,0.99999464,7.820783e-11,-2.982317e-11,0.0033009294,8
523644485,523643632,0.99129933,0.024703478,-0.012907854,0.12864222,0.99999464,7.820783e-11,-2.982317e-11,0.0033009294,8
523694051,523693248,0.9912966,0.024634678,-0.012912885,0.12867673,0.99999464,7.820783e-11,-2.982317e-11,0.0033009294,8
523748257,523747351,0.99129343,0.02456164,-0.013226719,0.12868284,0.99999464,7.820783e-11,-2.982317e-11,0.0033009294,8
523797769,523796957,0.99129623,0.024581302,-0.013022618,0.12867795,0.99999464,7.820783e-11,-2.982317e-11,0.0033009294,8
523847370,523846562,0.9912997,0.024729097,-0.01311835,0.12861334,0.99999464,7.820783e-11,-2.982317e-11,0.0033009294,8
523896993,523896167,0.99130994,0.024674341,-0.012873246,0.1285699,0.99999464,7.820783e-11,-2.982317e-11,0.0033009294,8
523946583,523945772,0.9912988,0.024750782,-0.013324665,0.1285948,0.99999464,7.820783e-11,-2.982317e-11,0.0033009294,8
523996198,523995394,0.9912829,0.024620248,-0.013342611,0.12874086,0.99999464,7.820783e-11,-2.982317e-11,0.0033009294,8
524045779,524044990,0.9913153,0.024333466,-0.01255873,0.12862472,0.99999464,7.820783e-11,-2.982317e-11,0.0033009294,8
524095364,524094587,0.9912773,0.024369186,-0.013624722,0.12880161,0.99999464,7.820783e-11,-2.982317e-11,0.0033009294,8
524144990,524144191,0.9913048,0.024956135,-0.012887528,0.12855297,0.99999464,7.820783e-11,-2.982317e-11,0.0033009294,8
524194594,524193797,0.99125713,0.024367165,-0.013165551,0.12900524,0.99999464,7.820783e-11,-2.982317e-11,0.0033009294,8
524248695,524247911,0.99129605,0.024374397,-0.0126510095,0.12875538,0.99999464,7.820783e-11,-2.982317e-11,0.0033009294,8
524298385,524297517,0.99130905,0.024797503,-0.012840864,0.12855561,0.99999464,7.820783e-11,-2.982317e-11,0.0033009294,8
524347948,524347124,0.991276,0.02422304,-0.013782176,0.12882252,0.99999464,7.820783e-11,-2.982317e-11,0.0033009294,8
524393003,524392217,0.9912737,0.0250017,-0.0131665245,0.1287564,0.99999464,7.820783e-11,-2.982317e-11,0.0033009294,8
524447110,524446332,0.99128765,0.024906969,-0.0129373325,0.12869033,0.99999464,7.820783e-11,-2.982317e-11,0.0033009294,8
524496800,524495937,0.9913035,0.02421021,-0.013386789,0.1286548,0.99999464,7.820783e-11,-2.982317e-11,0.0033009294,8
524546346,524545545,0.9913052,0.025209313,-0.012829563,0.12850714,0.99999464,7.820783e-11,-2.982317e-11,0.0033009294,8
524595929,524595148,0.99127555,0.025258256,-0.012969895,0.12871112,0.99999464,7.820783e-11,-2.982317e-11,0.0033009294,8
524645563,524644753,0.9913259,0.024007821,-0.013097469,0.12855028,0.99999464,7.820783e-11,-2.982317e-11,0.0033009294,8
524695163,524694365,0.99137276,0.023794442,-0.013012015,0.12823611,0.99999464,7.820783e-11,-2.982317e-11,0.0033009294,8
524744757,524743963,0.99132,0.02513754,-0.013197223,0.12836933,0.99999464,7.820783e-11,-2.982317e-11,0.0033009294,8
524798903,524798078,0.99133503,0.024715284,-0.01302939,0.12835231,0.99999464,7.820783e-11,-2.982317e-11,0.0033009294,8
524848478,524847683,0.99130994,0.024792489,-0.013438071,0.12848927,0.99999464,7.820783e-11,-2.982317e-11,0.0033009294,8
524893583,524892779,0.99138504,0.02483333,-0.012476457,0.12799767,0.99999464,7.820783e-11,-2.982317e-11,0.0033009294,8
524947732,524946894,0.99138266,0.024904123,-0.01271862,0.12797882,0.99999464,7.820783e-11,-2.982317e-11,0.0033009294,8
524997279,524996499,0.99136055,0.025599845,-0.012313167,0.12805225,0.99999464,7.820783e-11,-2.982317e-11,0.0033009294,8
525046886,525046104,0.99132913,0.024432028,-0.0134291975,0.12841107,0.99999464,7.820783e-11,-2.982317e-11,0.0033009294,8
525096595,525095720,0.99135655,0.023387251,-0.013799796,0.12835434,0.99999464,7.820783e-11,-2.982317e-11,0.0033009294,8
525146091,525145314,0.9913867,0.024066186,-0.0130864,0.12807052,0.99999464,7.820783e-11,-2.982317e-11,0.0033009294,8
525195706,525194920,0.9913579,0.025439812,-0.013023539,0.12803438,0.99999464,7.820783e-11,-2.982317e-11,0.0033009294,8
525245305,525244525,0.9913267,0.025374556,-0.013490413,0.12824029,0.99999464,7.820783e-11,-2.982317e-11,0.0033009294,8
525294961,525294130,0.9913518,0.02422792,-0.013642428,0.128252,0.99999464,7.820783e-11,-2.982317e-11,0.0033009294,8
525349113,525348244,0.9913341,0.024848435,-0.013831494,0.12824957,0.99999464,7.820783e-11,-2.982317e-11,0.0033009294,8
525394123,525393340,0.99140805,0.024790887,-0.012147136,0.12785952,0.99999464,7.820783e-11,-2.982317e-11,0.0033009294,8
525443796,525442945,0.9913832,0.024859361,-0.012667754,0.12798831,0.99999464,7.820783e-11,-2.982317e-11,0.0033009294,8
525497872,525497060,0.99139214,0.025128942,-0.012229074,0.12790848,0.99999464,7.820783e-11,-2.982317e-11,0.0033009294,8
525547499,525546665,0.99138266,0.024919702,-0.012946846,0.12795298,0.99999464,7.820783e-11,-2.982317e-11,0.0033009294,8
525597090,525596270,0.99140614,0.023758393,-0.013799226,0.12790301,0.99999464,7.820783e-11,-2.982317e-11,0.0033009294,8
525646667,525645876,0.9914452,0.023311514,-0.013839668,0.12767792,0.99999464,7.820783e-11,-2.982317e-11,0.0033009294,8
525696340,525695481,0.99144274,0.02449308,-0.013231637,0.12754007,0.99999464,7.820783e-11,-2.982317e-11,0.0033009294,8
525745877,525745098,0.9913883,0.025970643,-0.012794459,0.1277155,0.99999464,7.820783e-11,-2.982317e-11,0.0033009294,8
525795480,525794691,0.9913754,0.025072152,-0.013305109,0.12794232,0.99999464,7.820783e-11,-2.982317e-11,0.0033009294,8
525849593,525848805,0.9913881,0.02599104,-0.012677933,0.1277242,0.99999464,7.820783e-11,-2.982317e-11,0.0033009294,8
525894707,525893901,0.9914768,0.023371398,-0.013417257,0.12746674,0.99999464,7.820783e-11,-2.982317e-11,0.0033009294,8
525944325,525943506,0.99149996,0.024203783,-0.01243678,0.12723015,0.99999464,7.820783e-11,-2.982317e-11,0.0033009294,8
525998410,525997621,0.99151015,0.023117715,-0.013325279,0.12726206,0.99999464,7.820783e-11,-2.982317e-11,0.0033009294,8
526048004,526047226,0.9915144,0.024045093,-0.01254275,0.12713669,0.99999464,7.820783e-11,-2.982317e-11,0.0033009294,8
526097647,526096831,0.991451,0.025486827,-0.012635736,0.12734084,0.99999464,7.820783e-11,-2.982317e-11,0.0033009294,8
526142713,526141927,0.99145275,0.023511127,-0.013881121,0.1275773,0.99999464,7.820783e-11,-2.982317e-11,0.0033009294,8
526196834,526196041,0.9914519,0.023441156,-0.014141744,0.12756881,0.99999464,7.820783e-11,-2.982317e-11,0.0033009294,8
526246465,526245646,0.9914858,0.023777125,-0.013802005,0.12727964,0.99999464,7.820783e-11,-2.982317e-11,0.0033009294,8
526296075,526295252,0.9914883,0.025014877,-0.013022345,0.12710549,0.99999464,7.820783e-11,-2.982317e-11,0.0033009294,8
526345690,526344857,0.9914444,0.025543885,-0.013112222,0.12733315,0.99999464,7.820783e-11,-2.982317e-11,0.0033009294,8
526395259,526394470,0.99143595,0.024590962,-0.013676826,0.12752683,0.99999464,7.820783e-11,-2.982317e-11,0.0033009294,8
526444858,526444067,0.9914698,0.023642588,-0.013625945,0.12744826,0.99999464,7.820783e-11,-2.982317e-11,0.0033009294,8
526494471,526493672,0.99152726,0.02429775,-0.0122998785,0.12701254,0.99999464,7.820783e-11,-2.982317e-11,0.0033009294,8
526548642,526547791,0.9915222,0.022690063,-0.013621,0.12721427,0.99999464,7.820783e-11,-2.982317e-11,0.0033009294,8
526598171,526597392,0.991546,0.023856223,-0.012723158,0.12690811,0.99999464,7.820783e-11,-2.982317e-11,0.0033009294,8
526643331,526642488,0.99149567,0.024280064,-0.01372646,0.12711555,0.99999464,7.820783e-11,-2.982317e-11,0.0033009294,8
526697406,526696602,0.9915168,0.024954585,-0.012812823,0.12691574,0.99999464,7.820783e-11,-2.982317e-11,0.0033009294,8
526746985,526746207,0.9915131,0.023973752,-0.013546973,0.12705731,0.99999464,7.820783e-11,-2.982317e-11,0.0033009294,8
526796616,526795812,0.991523,0.023205526,-0.013702457,0.12710616,0.99999464,7.820783e-11,-2.982317e-11,0.0033009294,8
526846206,526845418,0.9915494,0.023382876,-0.013167076,0.12692475,0.99999464,7.820783e-11,-2.982317e-11,0.0033009294,8
526895958,526895023,0.9915626,0.024096804,-0.012896814,0.12671453,0.99999464,7.820783e-11,-2.982317e-11,0.0033009294,8
526945412,526944627,0.99154603,0.024514975,-0.013097998,0.12674376,0.99999464,7.820783e-11,-2.982317e-11,0.0033009294,8
526995022,526994233,0.9915489,0.023674326,-0.01387891,0.12679863,0.99999464,7.820783e-11,-2.982317e-11,0.0033009294,8
527049132,527048347,0.991534,0.024769174,-0.01321272,0.12677681,0.99999464,7.820783e-11,-2.982317e-11,0.0033009294,8
527098744,527097952,0.9915705,0.022960085,-0.013881634,0.12676005,0.99999464,7.820783e-11,-2.982317e-11,0.0033009294,8
527143833,527143048,0.9915319,0.025653148,-0.012815334,0.12665829,0.99999464,7.820783e-11,-2.982317e-11,0.0033009294,8
527193455,527192653,0.99151605,0.025193721,-0.0130693065,0.1268481,0.99999464,7.820783e-11,-2.982317e-11,0.0033009294,8
527247571,527246767,0.9915463,0.0251205,-0.013034437,0.12663002,0.99999464,7.820783e-11,-2.982317e-11,0.0033009294,8
527297184,527296387,0.99155843,0.024479367,-0.013312773,0.1266312,0.99999464,7.820783e-11,-2.982317e-11,0.0033009294,8
527346762,527345977,0.9915874,0.024032453,-0.013293657,0.12649195,0.99999464,7.820783e-11,-2.982317e-11,0.0033009294,8
527396384,527395582,0.99160147,0.024071021,-0.013101333,0.1263946,0.99999464,7.820783e-11,-2.982317e-11,0.0033009294,8
527445986,527445188,0.9915667,0.024330601,-0.013711756,0.12655248,0.99999464,7.820783e-11,-2.982317e-11,0.0033009294,8
527495669,527494793,0.99153453,0.023819963,-0.014626652,0.12679872,0.99999464,7.820783e-11,-2.982317e-11,0.0033009294,8
527545180,527544398,0.99154544,0.023502449,-0.014534277,0.12678397,0.99999464,7.820783e-11,-2.982317e-11,0.0033009294,8
527599315,527598512,0.9915503,0.02488163,-0.013783108,0.1265657,0.99999464,7.820783e-11,-2.982317e-11,0.0033009294,8
527644532,527643608,0.9915824,0.023688976,-0.013646507,0.12655818,0.99999464,7.820783e-11,-2.982317e-11,0.0033009294,8
527694006,527693213,0.9915922,0.023439862,-0.013631189,0.1265298,0.99999464,7.820783e-11,-2.982317e-11,0.0033009294,8
527743612,527742818,0.99157876,0.023987263,-0.013550882,0.12654139,0.99999464,7.820783e-11,-2.982317e-11,0.0033009294,8
527797725,527796932,0.9915864,0.025440428,-0.01329357,0.12622455,0.99999464,7.820783e-11,-2.982317e-11,0.0033009294,8
527847325,527846540,0.9915808,0.025232473,-0.013458841,0.12629285,0.99999464,7.820783e-11,-2.982317e-11,0.0033009294,8
527896949,527896143,0.991639,0.022066856,-0.014812325,0.12627664,0.99999464,7.820783e-11,-2.982317e-11,0.0033009294,8
527946641,527945751,0.9916132,0.024859339,-0.012944923,0.12616561,0.99999464,7.820783e-11,-2.982317e-11,0.0033009294,8
527996159,527995353,0.991648,0.023089478,-0.014210746,0.12609175,0.99999464,7.820783e-11,-2.982317e-11,0.0033009294,8
528045737,528044958,0.9916122,0.023805019,-0.0140671255,0.12625651,0.99999464,7.820783e-11,-2.982317e-11,0.0033009294,8
528099865,528099072,0.9916151,0.02360858,-0.014095562,0.12626794,0.99999464,7.820783e-11,-2.982317e-11,0.0033009294,8
528144945,528144168,0.9916419,0.023468677,-0.013475393,0.12615035,0.99999464,7.820783e-11,-2.982317e-11,0.0033009294,8
528194576,528193781,0.9916575,0.022549836,-0.014159305,0.12612052,0.99999464,7.820783e-11,-2.982317e-11,0.0033009294,8
528244170,528243388,0.99160457,0.023587463,-0.013065121,0.12646517,0.99999464,7.820783e-11,-2.982317e-11,0.0033009294,8
528298280,528297493,0.99154735,0.021979429,-0.013146474,0.12719232,0.99999464,7.820783e-11,-2.982317e-11,0.0033009294,8
528347939,528347097,0.99154556,0.02042545,-0.012796832,0.12750095,0.99999464,7.820783e-11,-2.982317e-11,0.0033009294,8
528397500,528396703,0.9915459,0.01776378,-0.011099986,0.12805478,0.99999464,7.820783e-11,-2.982317e-11,0.0033009294,8
528447088,528446308,0.99147683,0.014494148,-0.010322952,0.12906218,0.99999464,7.820783e-11,-2.982317e-11,0.0033009294,8
528496730,528495913,0.9915381,0.011288665,-0.008890243,0.1290186,0.99999464,7.820783e-11,-2.982317e-11,0.0033009294,8
528546303,528545518,0.9915638,0.0069244355,-0.0065227854,0.12927043,0.99999464,7.820783e-11,-2.982317e-11,0.0033009294,8
528595902,528595126,0.991344,0.0034794228,-0.0069732787,0.13105913,0.99999464,7.820783e-11,-2.982317e-11,0.0033009294,8
528645509,528644728,0.99131423,0.00036673664,-0.0057345894,0.13138972,0.99999464,7.820783e-11,-2.982317e-11,0.0033009294,8
528695148,528694333,0.99117327,-0.0018685055,-0.003290832,0.13251884,0.99999464,7.820783e-11,-2.982317e-11,0.0033009294,8
528744813,528743946,0.9909668,-0.0071514156,-0.005841259,0.13378945,0.99999464,7.820783e-11,-2.982317e-11,0.0033009294,8
528798865,528798052,0.99075145,-0.010878751,-0.0048193117,0.13516618,0.99999464,7.820783e-11,-2.982317e-11,0.0033009294,8
528848546,528847658,0.9905124,-0.013340068,-0.004627047,0.13669617,0.99999464,7.820783e-11,-2.982317e-11,0.0033009294,8
528898050,528897263,0.99031097,-0.017185347,-0.0032508688,0.13776214,0.99999464,7.820783e-11,-2.982317e-11,0.0033009294,8
528943181,528942358,0.9901612,-0.021397661,-0.0038214154,0.13823284,0.99999464,7.820783e-11,-2.982317e-11,0.0033009294,8
528997253,528996473,0.99011487,-0.021709926,-0.0054493416,0.13846116,0.99999464,7.820783e-11,-2.982317e-11,0.0033009294,8
529046864,529046078,0.9902123,-0.016995193,-0.005503528,0.13842125,0.99999464,7.820783e-11,-2.982317e-11,0.0033009294,8
529096487,529095683,0.9901579,-0.015131163,-0.0067590605,0.1389707,0.99999464,7.820783e-11,-2.982317e-11,0.0033009294,8
529146068,529145288,0.9900643,-0.012768918,-0.0031930269,0.1399984,0.99999464,7.820783e-11,-2.982317e-11,0.0033009294,8
529195693,529194892,0.9899761,-0.009324558,-0.0011436016,0.14092244,0.99999464,7.820783e-11,-2.982317e-11,0.0033009294,8
529245314,529244498,0.9898762,-0.004463295,0.0010810342,0.14185892,0.99999464,7.820783e-11,-2.982317e-11,0.0033009294,8
529294975,529294102,0.9898855,0.0021533268,0.0046895402,0.1417747,0.99999464,7.820783e-11,-2.982317e-11,0.0033009294,8
529349007,529348217,0.9900793,0.0044486932,0.0023679964,0.1404202,0.99999464,7.820783e-11,-2.982317e-11,0.0033009294,8
529398671,529397822,0.9902205,0.0012256737,-0.0037781894,0.13945478,0.99999464,7.820783e-11,-2.982317e-11,0.0033009294,8
529443701,529442918,0.9902939,0.0005062075,-0.0024594355,0.1389666,0.99999464,7.820783e-11,-2.982317e-11,0.0033009294,8
529497829,529497032,0.99029154,0.0021557906,0.0009905399,0.13898626,0.99999464,7.820783e-11,-2.982317e-11,0.0033009294,8
529547490,529546637,0.99033743,0.0037262149,-0.0028861463,0.13859853,0.99999464,7.820783e-11,-2.982317e-11,0.0033009294,8
529597060,529596245,0.99040437,0.0049578687,-0.008302262,0.13786119,0.99999464,7.820783e-11,-2.982317e-11,0.0033009294,8
529646635,529645847,0.9904584,0.0053483145,-0.014167422,0.13697764,0.99999464,7.820783e-11,-2.982317e-11,0.0033009294,8
529696235,529695452,0.9905067,0.00539751,-0.01808117,0.13616307,0.99999464,7.820783e-11,-2.982317e-11,0.0033009294,8
529745848,529745057,0.9905545,0.007837737,-0.01972666,0.13546701,0.99999464,7.820783e-11,-2.982317e-11,0.0033009294,8
529795492,529794662,0.99065286,0.00944369,-0.018862462,0.13476613,0.99999464,7.820783e-11,-2.982317e-11,0.0033009294,8
529845049,529844266,0.9907853,0.013062563,-0.015397056,0.13392858,0.99999464,7.820783e-11,-2.982317e-11,0.0033009294,8
529894751,529893871,0.99082017,0.015351688,-0.016009869,0.13335502,0.99999464,7.820783e-11,-2.982317e-11,0.0033009294,8
529944265,529943477,0.9909189,0.009906927,-0.021352835,0.13238548,0.99999464,7.820783e-11,-2.982317e-11,0.0033009294,8
529993860,529993081,0.99092865,0.008838384,-0.024414357,0.13185707,0.99999464,7.820783e-11,-2.982317e-11,0.0033009294,8
530047975,530047196,0.99091166,0.014021193,-0.023348304,0.13172847,0.99999464,7.820783e-11,-2.982317e-11,0.0033009294,8
530097655,530096810,0.99079585,0.022875793,-0.022246886,0.13154975,0.99999464,7.820783e-11,-2.982317e-11,0.0033009294,8
530147301,530146414,0.99066585,0.027949758,-0.02434881,0.13117614,0.99999464,7.820783e-11,-2.982317e-11,0.0033009294,8
530196792,530196011,0.9906793,0.028643109,-0.025873892,0.13063203,0.99999464,7.820783e-11,-2.982317e-11,0.0033009294,8
530246412,530245616,0.9908011,0.028521113,-0.024950674,0.12991315,0.99999464,7.820783e-11,-2.982317e-11,0.0033009294,8
530295998,530295221,0.9908916,0.028637346,-0.025003424,0.12918474,0.99999464,7.820783e-11,-2.982317e-11,0.0033009294,8
530345664,530344826,0.990987,0.026300197,-0.027968043,0.12833905,0.99999464,7.820783e-11,-2.982317e-11,0.0033009294,8
530395208,530394431,0.9911099,0.021679679,-0.030136164,0.12776144,0.99999464,7.820783e-11,-2.982317e-11,0.0033009294,8
530444840,530444036,0.99119323,0.018620253,-0.030271666,0.12756537,0.99999464,7.820783e-11,-2.982317e-11,0.0033009294,8
530494504,530493641,0.99119157,0.01638163,-0.030865723,0.12774326,0.99999464,7.820783e-11,-2.982317e-11,0.0033009294,8
530548551,530547755,0.9911438,0.01642395,-0.029741414,0.12837324,0.99999464,7.820783e-11,-2.982317e-11,0.0033009294,8
530598146,530597360,0.9910824,0.016178947,-0.028720502,0.12910892,0.99999464,7.820783e-11,-2.982317e-11,0.0033009294,8
530647864,530646965,0.9910661,0.014334871,-0.026491532,0.12992631,0.99999464,7.820783e-11,-2.982317e-11,0.0033009294,8
530692848,530692061,0.9910013,0.013863575,-0.02476906,0.13080843,0.99999464,7.820783e-11,-2.982317e-11,0.0033009294,8
530747056,530746175,0.9908722,0.014313401,-0.023469841,0.13197222,0.99999464,7.820783e-11,-2.982317e-11,0.0033009294,8
530796567,530795780,0.9907588,0.0142271295,-0.02176291,0.13312007,0.99999464,7.820783e-11,-2.982317e-11,0.0033009294,8
530846189,530845389,0.9906397,0.014758464,-0.020720707,0.13411151,0.99999464,7.820783e-11,-2.982317e-11,0.0033009294,8
530895791,530894997,0.9905265,0.014198417,-0.020839917,0.13498646,0.99999464,7.820783e-11,-2.982317e-11,0.0033009294,8
530945401,530944595,0.9904941,0.012413506,-0.020216215,0.1354942,0.99999464,7.820783e-11,-2.982317e-11,0.0033009294,8
530995005,530994200,0.9903911,0.0152483145,-0.02035509,0.13593642,0.99999464,7.820783e-11,-2.982317e-11,0.0033009294,8
531044592,531043805,0.99037963,0.012638955,-0.020133771,0.13632013,0.99999464,7.820783e-11,-2.982317e-11,0.0033009294,8
531098711,531097920,0.986855,0.01588879,-0.01789031,0.15982774,0.999732,2.858773e-09,-1.3483151e-09,0.02315205,9
531148327,531147525,0.9868888,0.012108428,-0.018845623,0.1598397,0.999732,2.858773e-09,-1.3483151e-09,0.02315205,9
531193405,531192620,0.9869964,0.012410368,-0.018736089,0.1591636,0.999732,2.858773e-09,-1.3483151e-09,0.02315205,9
531247523,531246735,0.98724854,0.011472211,-0.020701043,0.15741707,0.999732,2.858773e-09,-1.3483151e-09,0.02315205,9
531297124,531296340,0.98749894,0.010379677,-0.022746379,0.15563038,0.999732,2.858773e-09,-1.3483151e-09,0.02315205,9
531346763,531345945,0.9877412,0.011001423,-0.021803796,0.15417862,0.999732,2.858773e-09,-1.3483151e-09,0.02315205,9
531396425,531395553,0.98809826,0.010625432,-0.015073415,0.15271477,0.999732,2.858773e-09,-1.3483151e-09,0.02315205,9
531445944,531445155,0.9884057,0.010668537,-0.008350322,0.15123072,0.999732,2.858773e-09,-1.3483151e-09,0.02315205,9
531495617,531494760,0.98851025,0.010620524,-0.008699215,0.15052916,0.999732,2.858773e-09,-1.3483151e-09,0.02315205,9
531545148,531544365,0.98855066,0.010742152,-0.01159487,0.15005945,0.999732,2.858773e-09,-1.3483151e-09,0.02315205,9
531599287,531598479,0.98849183,0.012970752,-0.01791991,0.14964814,0.999732,2.858773e-09,-1.3483151e-09,0.02315205,9
531648881,531648084,0.98844093,0.013751787,-0.02168945,0.14941554,0.999732,2.858773e-09,-1.3483151e-09,0.02315205,9
531694023,531693180,0.98848355,0.012150076,-0.019811785,0.14953302,0.999732,2.858773e-09,-1.3483151e-09,0.02315205,9
531743572,531742785,0.9885994,0.0077722026,-0.014342578,0.14968358,0.999732,2.858773e-09,-1.3483151e-09,0.02315205,9
531797704,531796899,0.9886705,0.0044347304,-0.012480184,0.14951712,0.999732,2.858773e-09,-1.3483151e-09,0.02315205,9
531847286,531846504,0.9887245,0.0013616212,-0.014032819,0.14908117,0.999732,2.858773e-09,-1.3483151e-09,0.02315205,9
531896909,531896109,0.9887486,0.00046150293,-0.01648971,0.14867458,0.999732,2.858773e-09,-1.3483151e-09,0.02315205,9
531946611,531945714,0.98861843,-0.0015524126,-0.021960305,0.14882523,0.999732,2.858773e-09,-1.3483151e-09,0.02315205,9
531996103,531995320,0.98835003,-0.0052348417,-0.028075628,0.14949472,0.999732,2.858773e-09,-1.3483151e-09,0.02315205,9
532045705,532044924,0.9881191,-0.0073908744,-0.030345472,0.15048297,0.999732,2.858773e-09,-1.3483151e-09,0.02315205,9
532095311,532094529,0.9879382,-0.009019369,-0.028238827,0.15198481,0.999732,2.858773e-09,-1.3483151e-09,0.02315205,9
532145015,532144138,0.9877019,-0.009872445,-0.026992984,0.15368445,0.999732,2.858773e-09,-1.3483151e-09,0.02315205,9
532194528,532193739,0.9874702,-0.012387544,-0.02630588,0.15510394,0.999732,2.858773e-09,-1.3483151e-09,0.02315205,9
532244136,532243344,0.98723173,-0.0070673865,-0.027062917,0.15681614,0.999732,2.858773e-09,-1.3483151e-09,0.02315205,9
532298238,532297459,0.9870252,0.00082045473,-0.026324712,0.15839078,0.999732,2.858773e-09,-1.3483151e-09,0.02315205,9
532347864,532347064,0.9869079,0.0033227971,-0.025118189,0.15928255,0.999732,2.858773e-09,-1.3483151e-09,0.02315205,9
532397457,532396669,0.986892,0.002522686,-0.024146177,0.1595459,0.999732,2.858773e-09,-1.3483151e-09,0.02315205,9
532447065,532446274,0.9868504,-0.0010472813,-0.026693735,0.15941398,0.999732,2.858773e-09,-1.3483151e-09,0.02315205,9
532496693,532495897,0.98669267,0.0009931426,-0.03313488,0.15918148,0.999732,2.858773e-09,-1.3483151e-09,0.02315205,9
532546347,532545484,0.9864873,0.0030113964,-0.038762923,0.15915783,0.999732,2.858773e-09,-1.3483151e-09,0.02315205,9
532595879,532595089,0.98644567,0.0034581556,-0.0382543,0.15952973,0.999732,2.858773e-09,-1.3483151e-09,0.02315205,9
532645483,532644694,0.9864997,-0.0010730133,-0.0338004,0.16023333,0.999732,2.858773e-09,-1.3483151e-09,0.02315205,9
532695097,532694299,0.986457,-0.0059416723,-0.03051969,0.16104668,0.999732,2.858773e-09,-1.3483151e-09,0.02315205,9
532744702,532743904,0.9863746,-0.010655744,-0.029182307,0.16155499,0.999732,2.858773e-09,-1.3483151e-09,0.02315205,9
532794289,532793509,0.9861532,-0.014844394,-0.030866358,0.16226138,0.999732,2.858773e-09,-1.3483151e-09,0.02315205,9
532848411,532847627,0.98574847,-0.019915637,-0.03740612,0.16280124,0.999732,2.858773e-09,-1.3483151e-09,0.02315205,9
532898017,532897228,0.9855212,-0.021941438,-0.040325455,0.16321892,0.999732,2.858773e-09,-1.3483151e-09,0.02315205,9
532943109,532942325,0.9856385,-0.02161959,-0.040426183,0.16252737,0.999732,2.858773e-09,-1.3483151e-09,0.02315205,9
532997259,532996442,0.98571926,-0.020247806,-0.04417675,0.16123259,0.999732,2.858773e-09,-1.3483151e-09,0.02315205,9
533046827,533046043,0.9858457,-0.017527534,-0.046760876,0.16004588,0.999732,2.858773e-09,-1.3483151e-09,0.02315205,9
533096450,533095648,0.9862814,-0.0106734,-0.042676836,0.15910307,0.999732,2.858773e-09,-1.3483151e-09,0.02315205,9
533146096,533145253,0.9869232,-0.0018034677,-0.03218106,0.15793571,0.999732,2.858773e-09,-1.3483151e-09,0.02315205,9
533195680,533194858,0.9873979,0.005007372,-0.022162868,0.1566179,0.999732,2.858773e-09,-1.3483151e-09,0.02315205,9
533245287,533244463,0.9876993,0.009608931,-0.017566288,0.15507822,0.999732,2.858773e-09,-1.3483151e-09,0.02315205,9
533294867,533294068,0.987945,0.010195445,-0.018556016,0.15335056,0.999732,2.858773e-09,-1.3483151e-09,0.02315205,9
533348969,533348190,0.98818624,0.0053824373,-0.022060324,0.15156664,0.999732,2.858773e-09,-1.3483151e-09,0.02315205,9
533398642,533397788,0.98835486,0.0017320595,-0.024529183,0.15016702,0.999732,2.858773e-09,-1.3483151e-09,0.02315205,9
533443770,533442883,0.988496,0.00018517906,-0.02406479,0.14931987,0.999732,2.858773e-09,-1.3483151e-09,0.02315205,9
533493319,533492488,0.9885526,-0.0006628246,-0.027786825,0.1482947,0.999732,2.858773e-09,-1.3483151e-09,0.02315205,9
533547493,533546603,0.98849493,0.0018719803,-0.03238984,0.14773348,0.999732,2.858773e-09,-1.3483151e-09,0.02315205,9
533596991,533596207,0.988556,0.005549326,-0.031302568,0.14746623,0.999732,2.858773e-09,-1.3483151e-09,0.02315205,9
533646599,533645812,0.9886841,0.008036026,-0.026121018,0.1475022,0.999732,2.858773e-09,-1.3483151e-09,0.02315205,9
533696201,533695418,0.98872197,0.008396645,-0.023427036,0.14768086,0.999732,2.858773e-09,-1.3483151e-09,0.02315205,9
533745883,533745026,0.9886448,0.004011576,-0.02709816,0.14775375,0.999732,2.858773e-09,-1.3483151e-09,0.02315205,9
533795415,533794628,0.9885477,0.0040737567,-0.030122805,0.14781602,0.999732,2.858773e-09,-1.3483151e-09,0.02315205,9
533845015,533844232,0.98847705,0.00077814463,-0.032638744,0.14780833,0.999732,2.858773e-09,-1.3483151e-09,0.02315205,9
533899140,533898347,0.9884414,-0.005201397,-0.032212112,0.14805079,0.999732,2.858773e-09,-1.3483151e-09,0.02315205,9
533944224,533943443,0.9882641,-0.010225486,-0.03431818,0.14849874,0.999732,2.858773e-09,-1.3483151e-09,0.02315205,9
533993844,533993047,0.98801905,-0.007743529,-0.04011942,0.14882511,0.999732,2.858773e-09,-1.3483151e-09,0.02315205,9
534047939,534047162,0.9879119,0.0007024207,-0.044039004,0.14862779,0.999732,2.858773e-09,-1.3483151e-09,0.02315205,9
534097583,534096777,0.98810136,0.008647623,-0.041510724,0.14784391,0.999732,2.858773e-09,-1.3483151e-09,0.02315205,9
534147160,534146378,0.9883542,0.011059856,-0.039838135,0.14644611,0.999732,2.858773e-09,-1.3483151e-09,0.02315205,9
534196773,534195976,0.9886288,0.013047032,-0.03859112,0.1447541,0.999732,2.858773e-09,-1.3483151e-09,0.02315205,9
534246363,534245581,0.9887524,0.017229566,-0.041263144,0.14272107,0.999732,2.858773e-09,-1.3483151e-09,0.02315205,9
534296064,534295190,0.9889743,0.019914748,-0.040731337,0.14097653,0.999732,2.858773e-09,-1.3483151e-09,0.02315205,9
534345659,534344791,0.98927224,0.02484363,-0.035933588,0.13939935,0.999732,2.858773e-09,-1.3483151e-09,0.02315205,9
534399743,534398906,0.98943275,0.03057167,-0.031466156,0.13819571,0.999732,2.858773e-09,-1.3483151e-09,0.02315205,9
534444793,534444005,0.98957956,0.030944346,-0.027663786,0.13787502,0.999732,2.858773e-09,-1.3483151e-09,0.02315205,9
534494448,534493606,0.9898711,0.0238353,-0.025872929,0.137542,0.999732,2.858773e-09,-1.3483151e-09,0.02315205,9
534544005,534543211,0.98984325,0.02386246,-0.026253061,0.13766515,0.999732,2.858773e-09,-1.3483151e-09,0.02315205,9
534598237,534597325,0.98982465,0.01614694,-0.028278649,0.13851635,0.999732,2.858773e-09,-1.3483151e-09,0.02315205,9
534647729,534646938,0.9897386,0.0061266976,-0.027980866,0.13998961,0.999732,2.858773e-09,-1.3483151e-09,0.02315205,9
534697331,534696537,0.9895382,0.0019537883,-0.02889221,0.1413358,0.999732,2.858773e-09,-1.3483151e-09,0.02315205,9
534746934,534746140,0.9893199,-0.0009996832,-0.032043505,0.14219172,0.999732,2.858773e-09,-1.3483151e-09,0.02315205,9
534796528,534795745,0.98916626,0.00021586347,-0.031754065,0.14332417,0.999732,2.858773e-09,-1.3483151e-09,0.02315205,9
534846246,534845350,0.98900175,0.0035727907,-0.030547047,0.14467147,0.999732,2.858773e-09,-1.3483151e-09,0.02315205,9
534895736,534894955,0.98890626,0.0022837112,-0.028131122,0.14583537,0.999732,2.858773e-09,-1.3483151e-09,0.02315205,9
534945417,534944560,0.9888082,0.003786904,-0.027474577,0.14659224,0.999732,2.858773e-09,-1.3483151e-09,0.02315205,9
534994958,534994164,0.9886102,-0.001973108,-0.033808473,0.14663887,0.999732,2.858773e-09,-1.3483151e-09,0.02315205,9
535044570,535043770,0.98840684,-0.008938774,-0.039689828,0.14627679,0.999732,2.858773e-09,-1.3483151e-09,0.02315205,9
535098698,535097884,0.98858154,-0.011384889,-0.03722901,0.14557111,0.999732,2.858773e-09,-1.3483151e-09,0.02315205,9
535148278,535147489,0.98884183,-0.012020093,-0.03114189,0.14518097,0.999732,2.858773e-09,-1.3483151e-09,0.02315205,9
535197953,535197093,0.98897004,-0.009929751,-0.026508713,0.14538574,0.999732,2.858773e-09,-1.3483151e-09,0.02315205,9
535242967,535242189,0.9889615,-0.008893393,-0.027015988,0.14541753,0.999732,2.858773e-09,-1.3483151e-09,0.02315205,9
535297090,535296303,0.9890289,-0.0009900213,-0.026296271,0.14535964,0.999732,2.858773e-09,-1.3483151e-09,0.02315205,9
535346739,535345908,0.989212,0.012040918,-0.011585049,0.14553556,0.999732,2.858773e-09,-1.3483151e-09,0.02315205,9
535396299,535395513,0.98881173,0.029302802,0.01359692,0.14562938,0.999732,2.858773e-09,-1.3483151e-09,0.02315205,9
535445902,535445118,0.98782355,0.044397447,0.03248643,0.14552732,0.999732,2.858773e-09,-1.3483151e-09,0.02315205,9
535495572,535494723,0.9872113,0.05524585,0.03582323,0.14518447,0.999732,2.858773e-09,-1.3483151e-09,0.02315205,9
535545177,535544328,0.98728263,0.0624352,0.024537407,0.14412817,0.999732,2.858773e-09,-1.3483151e-09,0.02315205,9
535594728,535593935,0.9870761,0.072480895,0.008766587,0.14265493,0.999732,2.858773e-09,-1.3483151e-09,0.02315205,9
535648827,535648047,0.9869212,0.07679595,-0.004369434,0.14166832,0.999732,2.858773e-09,-1.3483151e-09,0.02315205,9
535698555,535697652,0.9874456,0.06994567,-0.0067200223,0.14146993,0.999732,2.858773e-09,-1.3483151e-09,0.02315205,9
535743540,535742747,0.9882991,0.056761637,-0.0066330894,0.14141837,0.999732,2.858773e-09,-1.3483151e-09,0.02315205,9
535797740,535796861,0.9887007,0.049598202,-0.0065171616,0.14131035,0.999732,2.858773e-09,-1.3483151e-09,0.02315205,9
535847245,535846467,0.9880628,0.06152703,-0.003182097,0.14119563,0.999732,2.858773e-09,-1.3483151e-09,0.02315205,9
535896877,535896075,0.9869302,0.07839089,-0.0008695671,0.14079432,0.999732,2.858773e-09,-1.3483151e-09,0.02315205,9
535946467,535945676,0.9857982,0.0921117,-0.0011012916,0.14041454,0.999732,2.858773e-09,-1.3483151e-09,0.02315205,9
535996063,535995281,0.9853057,0.096965924,-0.002007279,0.14059225,0.999732,2.858773e-09,-1.3483151e-09,0.02315205,9
536045683,536044890,0.9863068,0.0853561,-0.0066471146,0.14095779,0.999732,2.858773e-09,-1.3483151e-09,0.02315205,9
536095328,536094491,0.9875813,0.066989176,-0.0106885815,0.14170924,0.999732,2.858773e-09,-1.3483151e-09,0.02315205,9
536144922,536144095,0.98891497,0.0394952,-0.014051946,0.14244273,0.999732,2.858773e-09,-1.3483151e-09,0.02315205,9
536199036,536198210,0.9894628,0.010161083,-0.016608417,0.14347275,0.999732,2.858773e-09,-1.3483151e-09,0.02315205,9
536244121,536243305,0.98926747,-0.014291251,-0.019193247,0.14414373,0.999732,2.858773e-09,-1.3483151e-09,0.02315205,9
536293703,536292910,0.9883015,-0.041291516,-0.025558054,0.14457543,0.999732,2.858773e-09,-1.3483151e-09,0.02315205,9
536347817,536347024,0.9871594,-0.062038336,-0.028023504,0.1445075,0.999732,2.858773e-09,-1.3483151e-09,0.02315205,9
536397441,536396629,0.9862345,-0.07552295,-0.029401476,0.14412968,0.999732,2.858773e-09,-1.3483151e-09,0.02315205,9
536447023,536446242,0.98660713,-0.07262724,-0.026247751,0.14367577,0.999732,2.858773e-09,-1.3483151e-09,0.02315205,9
536496641,536495839,0.9873591,-0.063500606,-0.022470087,0.1434739,0.999732,2.858773e-09,-1.3483151e-09,0.02315205,9
536546224,536545446,0.98822427,-0.05198233,-0.01695721,0.14291006,0.999732,2.858773e-09,-1.3483151e-09,0.02315205,9
536595838,536595048,0.98886555,-0.04169987,-0.014533868,0.1421083,0.999732,2.858773e-09,-1.3483151e-09,0.02315205,9
536645436,536644653,0.98915464,-0.034813065,-0.016398342,0.14174774,0.999732,2.858773e-09,-1.3483151e-09,0.02315205,9
536695083,536694261,0.9892374,-0.030626524,-0.019379739,0.14175983,0.999732,2.858773e-09,-1.3483151e-09,0.02315205,9
536744719,536743863,0.98933995,-0.026409116,-0.018533368,0.1420059,0.999732,2.858773e-09,-1.3483151e-09,0.02315205,9
536794252,536793468,0.9893074,-0.022798503,-0.017678145,0.1429639,0.999732,2.858773e-09,-1.3483151e-09,0.02315205,9
536848363,536847585,0.98925656,-0.015622232,-0.01649316,0.14441384,0.999732,2.858773e-09,-1.3483151e-09,0.02315205,9
536897965,536897187,0.98911065,-0.009287561,-0.014902515,0.14612272,0.999732,2.858773e-09,-1.3483151e-09,0.02315205,9
536947593,536946792,0.9888741,-0.007852052,-0.015766991,0.14770898,0.999732,2.858773e-09,-1.3483151e-09,0.02315205,9
536992691,536991887,0.9886928,-0.01027231,-0.014982637,0.14885134,0.999732,2.858773e-09,-1.3483151e-09,0.02315205,9
537046780,537046002,0.98854494,-0.014732603,-0.012575702,0.14967872,0.999732,2.858773e-09,-1.3483151e-09,0.02315205,9
537096408,537095606,0.9885021,-0.012825212,-0.009648563,0.15035363,0.999732,2.858773e-09,-1.3483151e-09,0.02315205,9
537145990,537145211,0.98849267,-0.0036711448,-0.010814941,0.15083751,0.999732,2.858773e-09,-1.3483151e-09,0.02315205,9
537195618,537194816,0.9883729,0.0091680605,-0.013071443,0.15120928,0.999732,2.858773e-09,-1.3483151e-09,0.02315205,9
537245212,537244421,0.9879636,0.02533592,-0.014836636,0.15187503,0.999732,2.858773e-09,-1.3483151e-09,0.02315205,9
537294819,537294026,0.98761696,0.030019647,-0.019414479,0.15275696,0.999732,2.858773e-09,-1.3483151e-09,0.02315205,9
537344485,537343630,0.9877541,0.018995196,-0.01804774,0.15380292,0.999732,2.858773e-09,-1.3483151e-09,0.02315205,9
537398531,537397745,0.98788625,0.005099856,-0.004818362,0.1550212,0.999732,2.858773e-09,-1.3483151e-09,0.02315205,9
537448134,537447350,0.9876725,-0.0005301432,0.011609353,0.15610273,0.999732,2.858773e-09,-1.3483151e-09,0.02315205,9
537493226,537492445,0.9873761,-0.0004948387,0.022342056,0.15680927,0.999732,2.858773e-09,-1.3483151e-09,0.02315205,9
537547336,537546559,0.9871588,0.0034739715,0.027831588,0.15726095,0.999732,2.858773e-09,-1.3483151e-09,0.02315205,9
537597022,537596164,0.98724324,-0.00021925457,0.02340588,0.15748954,0.999732,2.858773e-09,-1.3483151e-09,0.02315205,9
537646555,537645769,0.987278,-0.0034427333,0.020889634,0.15758829,0.999732,2.858773e-09,-1.3483151e-09,0.02315205,9
537696181,537695390,0.987279,-0.003596773,0.01968696,0.15773357,0.999732,2.858773e-09,-1.3483151e-09,0.02315205,9
537745812,537744979,0.9873376,-0.00181169,0.018188352,0.15757702,0.999732,2.858773e-09,-1.3483151e-09,0.02315205,9
537795367,537794583,0.9874289,0.005585512,0.01755623,0.15698637,0.999732,2.858773e-09,-1.3483151e-09,0.02315205,9
537844965,537844188,0.98752785,0.007812708,0.015610516,0.15647401,0.999732,2.858773e-09,-1.3483151e-09,0.02315205,9
537899087,537898302,0.98759395,0.0033831121,0.012500731,0.156495,0.999732,2.858773e-09,-1.3483151e-09,0.02315205,9
537948692,537947907,0.98746794,-0.0022432124,0.017687706,0.15681,0.999732,2.858773e-09,-1.3483151e-09,0.02315205,9
537993783,537993003,0.9873012,-0.004063579,0.026029905,0.1566597,0.999732,2.858773e-09,-1.3483151e-09,0.02315205,9
538043417,538042608,0.9870798,-0.004937657,0.03625374,0.15599638,0.999732,2.858773e-09,-1.3483151e-09,0.02315205,9
538097521,538096722,0.9869531,-0.006298222,0.041060064,0.15555789,0.999732,2.858773e-09,-1.3483151e-09,0.02315205,9
538147106,538146327,0.9870768,-0.008426559,0.039048344,0.15518893,0.999732,2.858773e-09,-1.3483151e-09,0.02315205,9
538196806,538195932,0.9872611,-0.0096724685,0.036121424,0.1546524,0.999732,2.858773e-09,-1.3483151e-09,0.02315205,9
538246332,538245538,0.987329,-0.009330964,0.036833894,0.15407091,0.999732,2.858773e-09,-1.3483151e-09,0.02315205,9
538295933,538295141,0.9873499,-0.008574394,0.03944731,0.15333185,0.999732,2.858773e-09,-1.3483151e-09,0.02315205,9
538345530,538344746,0.98749274,-0.004210911,0.040140025,0.15241103,0.999732,2.858773e-09,-1.3483151e-09,0.02315205,9
538395140,538394351,0.98774636,0.001960027,0.036538772,0.15171753,0.999732,2.858773e-09,-1.3483151e-09,0.02315205,9
538449344,538448465,0.9879217,0.0057133324,0.033631828,0.1511525,0.999732,2.858773e-09,-1.3483151e-09,0.02315205,9
538494454,538493564,0.9880804,0.005312314,0.028473094,0.15118995,0.999732,2.858773e-09,-1.3483151e-09,0.02315205,9
538543993,538543165,0.98811144,0.0020246513,0.025444249,0.15160558,0.999732,2.858773e-09,-1.3483151e-09,0.02315205,9
538593556,538592770,0.9880985,-0.00026688268,0.023778992,0.15197347,0.999732,2.858773e-09,-1.3483151e-09,0.02315205,9
538647681,538646884,0.9881152,-0.004435981,0.0181604,0.15257439,0.999732,2.858773e-09,-1.3483151e-09,0.02315205,9
538697285,538696496,0.98817164,-0.003244189,0.009930858,0.15299608,0.999732,2.858773e-09,-1.3483151e-09,0.02315205,9
538746887,538746094,0.98811364,-0.00046831724,-0.006251796,0.15359728,0.999732,2.858773e-09,-1.3483151e-09,0.02315205,9
538796541,538795699,0.98765975,-0.0010178996,-0.027451966,0.15418738,0.999732,2.858773e-09,-1.3483151e-09,0.02315205,9
538846095,538845304,0.9868681,0.002863524,-0.04571712,0.15489744,0.999732,2.858773e-09,-1.3483151e-09,0.02315205,9
538895704,538894908,0.98610276,0.0036445544,-0.058255848,0.15554567,0.999732,2.858773e-09,-1.3483151e-09,0.02315205,9
538949814,538949023,0.9855219,0.004301198,-0.065786004,0.1562061,0.999732,2.858773e-09,-1.3483151e-09,0.02315205,9
538994948,538994118,0.98539376,0.0053604795,-0.06672873,0.15658116,0.999732,2.858773e-09,-1.3483151e-09,0.02315205,9
539044549,539043732,0.9854202,0.0034558214,-0.0657817,0.15686868,0.999732,2.858773e-09,-1.3483151e-09,0.02315205,9
539094109,539093328,0.9853891,-0.00032980784,-0.0668501,0.15665075,0.999732,2.858773e-09,-1.3483151e-09,0.02315205,9
539148221,539147442,0.9849827,-0.004593454,-0.07287915,0.15644968,0.999732,2.858773e-09,-1.3483151e-09,0.02315205,9
539197881,539197047,0.9843545,-0.008027977,-0.08119308,0.15617116,0.999732,2.858773e-09,-1.3483151e-09,0.02315205,9
539247451,539246652,0.98392177,-0.008026665,-0.08705263,0.15574145,0.999732,2.858773e-09,-1.3483151e-09,0.02315205,9
539297047,539296257,0.9840671,-0.008200595,-0.086950794,0.15486899,0.999732,2.858773e-09,-1.3483151e-09,0.02315205,9
539346761,539345869,0.9845117,-0.0058495724,-0.08414782,0.15369351,0.999732,2.858773e-09,-1.3483151e-09,0.02315205,9
539396325,539395466,0.98494315,-0.0052099433,-0.08180137,0.15221165,0.999732,2.858773e-09,-1.3483151e-09,0.02315205,9
539445856,539445071,0.98542047,-0.013232792,-0.07949165,0.1498422,0.999732,2.858773e-09,-1.3483151e-09,0.02315205,9
539495475,539494675,0.98592037,-0.015196779,-0.076630235,0.14784472,0.999732,2.858773e-09,-1.3483151e-09,0.02315205,9
539545082,539544280,0.9861635,-0.018597484,-0.077075124,0.14558576,0.999732,2.858773e-09,-1.3483151e-09,0.02315205,9
539594674,539593889,0.98649734,-0.014853497,-0.07662132,0.14398488,0.999732,2.858773e-09,-1.3483151e-09,0.02315205,9
539648894,539647999,0.9872625,-0.005474216,-0.06995143,0.14279252,0.999732,2.858773e-09,-1.3483151e-09,0.02315205,9
539698399,539697604,0.9880541,0.0038247923,-0.05902823,0.14230323,0.999732,2.858773e-09,-1.3483151e-09,0.02315205,9
539747998,539747209,0.9882035,0.015728654,-0.05244295,0.143025,0.999732,2.858773e-09,-1.3483151e-09,0.02315205,9
539793177,539792304,0.9881667,0.017967828,-0.05062272,0.14367032,0.999732,2.858773e-09,-1.3483151e-09,0.02315205,9
539847201,539846419,0.98821,0.012281503,-0.0492466,0.14444715,0.999732,2.858773e-09,-1.3483151e-09,0.02315205,9
539896858,539896030,0.9881855,0.00085056474,-0.04988274,0.14491472,0.999732,2.858773e-09,-1.3483151e-09,0.02315205,9
539946424,539945628,0.9881882,0.0010662724,-0.046670668,0.14596194,0.999732,2.858773e-09,-1.3483151e-09,0.02315205,9
539996077,539995233,0.98820883,0.0025154243,-0.0418316,0.14726534,0.999732,2.858773e-09,-1.3483151e-09,0.02315205,9
540045624,540044837,0.9883665,0.0037291262,-0.03215219,0.148607,0.999732,2.858773e-09,-1.3483151e-09,0.02315205,9
540095359,540094446,0.98841745,0.0037329446,-0.021644538,0.15016174,0.999732,2.858773e-09,-1.3483151e-09,0.02315205,9
540144862,540144047,0.9882594,0.00048510186,-0.015592943,0.15198717,0.999732,2.858773e-09,-1.3483151e-09,0.02315205,9
540198996,540198161,0.98798454,-0.006622278,-0.0123668695,0.15391488,0.999732,2.858773e-09,-1.3483151e-09,0.02315205,9
540248622,540247766,0.98771447,-0.012796074,-0.011279491,0.15533628,0.999732,2.858773e-09,-1.3483151e-09,0.02315205,9
540293685,540292861,0.98757213,-0.013917695,-0.008709398,0.1563066,0.999732,2.858773e-09,-1.3483151e-09,0.02315205,9
540347772,540346976,0.9874649,-0.012042632,-0.008253358,0.15716265,0.999732,2.858773e-09,-1.3483151e-09,0.02315205,9
540397414,540396581,0.9874889,-0.0066230996,-0.0075734924,0.15736724,0.999732,2.858773e-09,-1.3483151e-09,0.02315205,9
540446993,540446185,0.98756415,0.0024344993,-0.00666257,0.15705657,0.999732,2.858773e-09,-1.3483151e-09,0.02315205,9
540496602,540495790,0.98761624,0.006822755,-0.0073852097,0.15656716,0.999732,2.858773e-09,-1.3483151e-09,0.02315205,9
540546217,540545398,0.9876847,0.002113978,-0.010038265,0.15612063,0.999732,2.858773e-09,-1.3483151e-09,0.02315205,9
540595845,540594999,0.9876738,-0.009990919,-0.013078831,0.15565856,0.999732,2.858773e-09,-1.3483151e-09,0.02315205,9
540645393,540644604,0.98735857,-0.02653412,-0.021023482,0.15484564,0.999732,2.858773e-09,-1.3483151e-09,0.02315205,9
540694995,540694209,0.98661613,-0.044570137,-0.030315453,0.15389329,0.999732,2.858773e-09,-1.3483151e-09,0.02315205,9
540749236,540748323,0.98512113,-0.06730151,-0.04117136,0.15268199,0.999732,2.858773e-09,-1.3483151e-09,0.02315205,9
540794201,540793419,0.9836535,-0.085312575,-0.046407886,0.15163757,0.999732,2.858773e-09,-1.3483151e-09,0.02315205,9
540843834,540843023,0.9818018,-0.10512133,-0.048904657,0.15041004,0.999732,2.858773e-09,-1.3483151e-09,0.02315205,9
540897926,540897148,0.9801763,-0.11929601,-0.05166489,0.14951096,0.999732,2.858773e-09,-1.3483151e-09,0.02315205,9
540947558,540946742,0.97881407,-0.13040052,-0.05322909,0.14861201,0.999732,2.858773e-09,-1.3483151e-09,0.02315205,9
540997149,540996347,0.9778773,-0.13861178,-0.052701075,0.1475313,0.999732,2.858773e-09,-1.3483151e-09,0.02315205,9
541046736,541045956,0.97777504,-0.14154297,-0.049866166,0.14640662,0.999732,2.858773e-09,-1.3483151e-09,0.02315205,9
541096345,541095556,0.9788508,-0.13751481,-0.043368638,0.14512096,0.999732,2.858773e-09,-1.3483151e-09,0.02315205,9
541145974,541145161,0.98131925,-0.120780595,-0.03865501,0.14467339,0.999732,2.858773e-09,-1.3483151e-09,0.02315205,9
541195583,541194765,0.9839936,-0.09765205,-0.037188154,0.14435281,0.999732,2.858773e-09,-1.3483151e-09,0.02315205,9
541249678,541248880,0.9865079,-0.06951412,-0.036464527,0.14366736,0.999732,2.858773e-09,-1.3483151e-09,0.02315205,9
541294829,541293975,0.98810625,-0.04646902,-0.034483876,0.14246947,0.999732,2.858773e-09,-1.3483151e-09,0.02315205,9
541344377,541343581,0.9893451,-0.024397122,-0.027668584,0.14083858,0.999732,2.858773e-09,-1.3483151e-09,0.02315205,9
541398479,541397694,0.9900428,0.0013667018,-0.019852899,0.13935322,0.999732,2.858773e-09,-1.3483151e-09,0.02315205,9
541448104,541447298,0.99001545,0.025175367,-0.013043629,0.13807806,0.999732,2.858773e-09,-1.3483151e-09,0.02315205,9
541497798,541496903,0.9895129,0.04489641,-0.008290534,0.13703963,0.999732,2.858773e-09,-1.3483151e-09,0.02315205,9
541542845,541541998,0.9890058,0.058474615,-0.0071994527,0.13563325,0.999732,2.858773e-09,-1.3483151e-09,0.02315205,9
541596890,541596112,0.9884133,0.07205313,-0.0079198545,0.13336052,0.999732,2.858773e-09,-1.3483151e-09,0.02315205,9
541646526,541645717,0.98781,0.083002225,-0.0053799995,0.13157919,0.999732,2.858773e-09,-1.3483151e-09,0.02315205,9
541696110,541695322,0.98672915,0.09720817,-0.0013805421,0.13005519,0.999732,2.858773e-09,-1.3483151e-09,0.02315205,9
541745711,541744927,0.98554176,0.11012131,0.0025233058,0.12874179,0.999732,2.858773e-09,-1.3483151e-09,0.02315205,9
541795399,541794531,0.9841823,0.12258509,0.0069743027,0.1277087,0.999732,2.858773e-09,-1.3483151e-09,0.02315205,9
541844915,541844136,0.98237187,0.13652629,0.012175118,0.12711379,0.999732,2.858773e-09,-1.3483151e-09,0.02315205,9
541894529,541893741,0.98060524,0.14877395,0.0133999,0.12688649,0.999732,2.858773e-09,-1.3483151e-09,0.02315205,9
541948644,541947854,0.9792615,0.15703498,0.013738535,0.12727247,0.999732,2.858773e-09,-1.3483151e-09,0.02315205,9
541998251,541997459,0.97827035,0.16234551,0.013007826,0.12830426,0.999732,2.858773e-09,-1.3483151e-09,0.02315205,9
542043354,542042556,0.9776383,0.16474149,0.012871572,0.1300693,0.999732,2.858773e-09,-1.3483151e-09,0.02315205,9
542097464,542096669,0.9764183,0.17029585,0.011755042,0.13216865,0.999732,2.858773e-09,-1.3483151e-09,0.02315205,9
542147064,542146273,0.9741148,0.18117899,0.0146849025,0.134384,0.999732,2.858773e-09,-1.3483151e-09,0.02315205,9
542196669,542195878,0.9712443,0.19440721,0.019192915,0.13609546,0.999732,2.858773e-09,-1.3483151e-09,0.02315205,9
542246273,542245483,0.9694842,0.2014993,0.024334991,0.13750026,0.999732,2.858773e-09,-1.3483151e-09,0.02315205,9
542295889,542295087,0.96889144,0.20341255,0.027029725,0.13835546,0.999732,2.858773e-09,-1.3483151e-09,0.02315205,9
542345495,542344702,0.9694977,0.20046142,0.026244037,0.13856687,0.999732,2.858773e-09,-1.3483151e-09,0.02315205,9
542395145,542394297,0.9706716,0.19557187,0.021199023,0.1381986,0.999732,2.858773e-09,-1.3483151e-09,0.02315205,9
542444733,542443905,0.971642,0.1905702,0.019357372,0.13863634,0.999732,2.858773e-09,-1.3483151e-09,0.02315205,9
542494319,542493506,0.9715857,0.18979111,0.020800654,0.13988549,0.999732,2.858773e-09,-1.3483151e-09,0.02315205,9
542543887,542543111,0.97168124,0.18689524,0.025543394,0.14231417,0.999732,2.858773e-09,-1.3483151e-09,0.02315205,9
542593520,542592715,0.97278214,0.17840792,0.028607171,0.14507668,0.999732,2.858773e-09,-1.3483151e-09,0.02315205,9
542647704,542646829,0.97483003,0.16444452,0.028450167,0.1478349,0.999732,2.858773e-09,-1.3483151e-09,0.02315205,9
542697224,542696434,0.97741205,0.14799687,0.02345871,0.14903778,0.999732,2.858773e-09,-1.3483151e-09,0.02315205,9
542746824,542746039,0.9804772,0.12524922,0.020596141,0.1501761,0.999732,2.858773e-09,-1.3483151e-09,0.02315205,9
542796538,542795644,0.9832276,0.09935705,0.021024093,0.15149118,0.999732,2.858773e-09,-1.3483151e-09,0.02315205,9
542846043,542845251,0.9850533,0.07639031,0.022366157,0.15275544,0.999732,2.858773e-09,-1.3483151e-09,0.02315205,9
542895667,542894853,0.986302,0.057744708,0.018394796,0.153413,0.999732,2.858773e-09,-1.3483151e-09,0.02315205,9
542945241,542944458,0.98691994,0.045917936,0.012774222,0.15400499,0.999732,2.858773e-09,-1.3483151e-09,0.02315205,9
542994926,542994062,0.9872871,0.035794526,0.006414355,0.15473184,0.999732,2.858773e-09,-1.3483151e-09,0.02315205,9
543044456,543043667,0.9876116,0.021436172,0.0026958326,0.15542397,0.999732,2.858773e-09,-1.3483151e-09,0.02315205,9
543094060,543093272,0.98776823,0.0032800105,0.0023148532,0.15587752,0.999732,2.858773e-09,-1.3483151e-09,0.02315205,9
543143664,543142878,0.98760146,-0.015368334,0.0026700515,0.15620491,0.999732,2.858773e-09,-1.3483151e-09,0.02315205,9
543193296,543192481,0.9872056,-0.030496078,0.0007862744,0.15650707,0.999732,2.858773e-09,-1.3483151e-09,0.02315205,9
543247465,543246605,0.98643094,-0.047637954,-0.003225052,0.15708087,0.999732,2.858773e-09,-1.3483151e-09,0.02315205,9
543297045,543296200,0.98560417,-0.062272158,-0.0023431242,0.1571662,0.999732,2.858773e-09,-1.3483151e-09,0.02315205,9
543346592,543345805,0.98466,-0.07618582,-0.0005162769,0.1569717,0.999732,2.858773e-09,-1.3483151e-09,0.02315205,9
543396189,543395409,0.9834082,-0.09091904,-0.0005169719,0.15697758,0.999732,2.858773e-09,-1.3483151e-09,0.02315205,9
543445800,543445014,0.98157924,-0.107981004,-0.0053196643,0.15752432,0.999732,2.858773e-09,-1.3483151e-09,0.02315205,9
543499987,543499128,0.9800226,-0.12053418,-0.009549222,0.15791127,0.999732,2.858773e-09,-1.3483151e-09,0.02315205,9
543545007,543544223,0.97841954,-0.13249892,-0.012602972,0.15805231,0.999732,2.858773e-09,-1.3483151e-09,0.02315205,9
543594638,543593828,0.976136,-0.14854631,-0.013931811,0.15779236,0.999732,2.858773e-09,-1.3483151e-09,0.02315205,9
543644207,543643433,0.97319645,-0.16668126,-0.015163347,0.15772158,0.999732,2.858773e-09,-1.3483151e-09,0.02315205,9
543698339,543697556,0.97122765,-0.1780406,-0.015061779,0.15745367,0.999732,2.858773e-09,-1.3483151e-09,0.02315205,9
543747928,543747151,0.96992856,-0.18562834,-0.015804265,0.15662348,0.999732,2.858773e-09,-1.3483151e-09,0.02315205,9
543797570,543796756,0.9688819,-0.19186123,-0.016843185,0.15547824,0.999732,2.858773e-09,-1.3483151e-09,0.02315205,9
543847178,543846361,0.9669783,-0.20195946,-0.019441029,0.15423208,0.999732,2.858773e-09,-1.3483151e-09,0.02315205,9
543896761,543895965,0.9643911,-0.21487336,-0.021222444,0.15273783,0.999732,2.858773e-09,-1.3483151e-09,0.02315205,9
543946351,543945570,0.9627633,-0.22273295,-0.022681477,0.15153402,0.999732,2.858773e-09,-1.3483151e-09,0.02315205,9
543995955,543995174,0.961257,-0.22920603,-0.026432637,0.15083472,0.999732,2.858773e-09,-1.3483151e-09,0.02315205,9
544045601,544044779,0.9626022,-0.22371988,-0.027242541,0.15034759,0.999732,2.858773e-09,-1.3483151e-09,0.02315205,9
544095201,544094404,0.9653816,-0.21154672,-0.026944857,0.15020055,0.999732,2.858773e-09,-1.3483151e-09,0.02315205,9
544144766,544143989,0.967599,-0.20173001,-0.025653884,0.14966336,0.999732,2.858773e-09,-1.3483151e-09,0.02315205,9
544198894,544198103,0.96937907,-0.19384597,-0.023844315,0.14886072,0.999732,2.858773e-09,-1.3483151e-09,0.02315205,9
544248501,544247718,0.96910506,-0.19517815,-0.0256495,0.14860344,0.999732,2.858773e-09,-1.3483151e-09,0.02315205,9
544298089,544297312,0.96909636,-0.19545604,-0.02607069,0.14822134,0.999732,2.858773e-09,-1.3483151e-09,0.02315205,9
544343184,544342407,0.9700889,-0.19050536,-0.026246455,0.14814295,0.999732,2.858773e-09,-1.3483151e-09,0.02315205,9
544397358,544396531,0.9719876,-0.18062082,-0.025565643,0.14819773,0.999732,2.858773e-09,-1.3483151e-09,0.02315205,9
544446995,544446126,0.973508,-0.17226106,-0.024597835,0.14833497,0.999732,2.858773e-09,-1.3483151e-09,0.02315205,9
544496529,544495731,0.9752991,-0.16093865,-0.024829818,0.14924493,0.999732,2.858773e-09,-1.3483151e-09,0.02315205,9
544546122,544545335,0.9771391,-0.1488581,-0.023710249,0.14992756,0.999732,2.858773e-09,-1.3483151e-09,0.02315205,9
544595738,544594941,0.9804324,-0.1254122,-0.019226717,0.15051435,0.999732,2.858773e-09,-1.3483151e-09,0.02315205,9
544645327,544644547,0.98386884,-0.094215214,-0.015581208,0.15127066,0.999732,2.858773e-09,-1.3483151e-09,0.02315205,9
544694932,544694149,0.98634785,-0.06352754,-0.0103087155,0.15157855,0.999732,2.858773e-09,-1.3483151e-09,0.02315205,9
544744544,544743754,0.98764753,-0.03883451,-0.0074110315,0.15162279,0.999732,2.858773e-09,-1.3483151e-09,0.02315205,9
544794206,544793359,0.98827344,-0.018883528,-0.0044086166,0.15145813,0.999732,2.858773e-09,-1.3483151e-09,0.02315205,9
544848256,544847473,0.9885154,-0.004448806,-0.0036932318,0.15100954,0.999732,2.858773e-09,-1.3483151e-09,0.02315205,9
544897866,544897077,0.98846465,0.010181386,-0.0026755212,0.15108572,0.999732,2.858773e-09,-1.3483151e-09,0.02315205,9
544947479,544946682,0.9882718,0.023028813,-0.001219832,0.15095401,0.999732,2.858773e-09,-1.3483151e-09,0.02315205,9
544997090,544996287,0.9878817,0.037410397,0.0036903243,0.15058798,0.999732,2.858773e-09,-1.3483151e-09,0.02315205,9
545046765,545045898,0.9872275,0.052036434,0.008721202,0.15032686,0.999732,2.858773e-09,-1.3483151e-09,0.02315205,9
545096304,545095500,0.98646396,0.06627919,0.010179407,0.1496413,0.999732,2.858773e-09,-1.3483151e-09,0.02315205,9
545145904,545145101,0.98597854,0.07496152,0.009545067,0.14878145,0.999732,2.858773e-09,-1.3483151e-09,0.02315205,9
545195503,545194712,0.98591477,0.07709607,0.011109138,0.1480032,0.999732,2.858773e-09,-1.3483151e-09,0.02315205,9
545245099,545244314,0.9862532,0.07350481,0.01169431,0.14752951,0.999732,2.858773e-09,-1.3483151e-09,0.02315205,9
545294731,545293915,0.9865406,0.06946569,0.012028451,0.14753856,0.999732,2.858773e-09,-1.3483151e-09,0.02315205,9
545344348,545343519,0.98662424,0.06782348,0.011631243,0.1477745,0.999732,2.858773e-09,-1.3483151e-09,0.02315205,9
545393978,545393124,0.9864816,0.068573706,0.012446878,0.1483138,0.999732,2.858773e-09,-1.3483151e-09,0.02315205,9
545448045,545447238,0.9862089,0.06990134,0.015882963,0.14917639,0.999732,2.858773e-09,-1.3483151e-09,0.02315205,9
545497647,545496851,0.98616695,0.06888916,0.016818322,0.14982037,0.999732,2.858773e-09,-1.3483151e-09,0.02315205,9
545547241,545546448,0.9862638,0.06676089,0.015508834,0.15028682,0.999732,2.858773e-09,-1.3483151e-09,0.02315205,9
545596837,545596052,0.9864102,0.06426175,0.01239896,0.15070397,0.999732,2.858773e-09,-1.3483151e-09,0.02315205,9
545646518,545645657,0.9866139,0.060792524,0.008859786,0.15105884,0.999732,2.858773e-09,-1.3483151e-09,0.02315205,9
545696057,545695261,0.98673975,0.057117034,0.008474805,0.15169226,0.999732,2.858773e-09,-1.3483151e-09,0.02315205,9
545745652,545744866,0.9867379,0.055123363,0.010212842,0.15233372,0.999732,2.858773e-09,-1.3483151e-09,0.02315205,9
545795255,545794471,0.986837,0.052571487,0.009356605,0.15264837,0.999732,2.858773e-09,-1.3483151e-09,0.02315205,9
545849368,545848585,0.9869615,0.04968755,0.008029376,0.1528849,0.999732,2.858773e-09,-1.3483151e-09,0.02315205,9
545894539,545893687,0.98702663,0.04870256,0.0089101475,0.15273201,0.999732,2.858773e-09,-1.3483151e-09,0.02315205,9
545948581,545947794,0.9870918,0.04720675,0.009031318,0.1527741,0.999732,2.858773e-09,-1.3483151e-09,0.02315205,9
545998193,545997399,0.9871996,0.04550188,0.009014262,0.15259553,0.999732,2.858773e-09,-1.3483151e-09,0.02315205,9
546047806,546047004,0.987315,0.044618238,0.0058050514,0.15226564,0.999732,2.858773e-09,-1.3483151e-09,0.02315205,9
546092878,546092099,0.987403,0.044655718,-0.0007517287,0.15179221,0.999732,2.858773e-09,-1.3483151e-09,0.02315205,9
546146991,546146213,0.987484,0.044235285,-0.011842411,0.15092506,0.999732,2.858773e-09,-1.3483151e-09,0.02315205,9
546196616,546195817,0.98749787,0.043170035,-0.02122044,0.1501137,0.999732,2.858773e-09,-1.3483151e-09,0.02315205,9
546246239,546245430,0.98757297,0.041185316,-0.027253086,0.14920062,0.999732,2.858773e-09,-1.3483151e-09,0.02315205,9
546295819,546295027,0.9877192,0.038726147,-0.028614368,0.14863504,0.999732,2.858773e-09,-1.3483151e-09,0.02315205,9
546345431,546344631,0.98792577,0.036190618,-0.024962593,0.1485596,0.999732,2.858773e-09,-1.3483151e-09,0.02315205,9
546395025,546394247,0.98814607,0.033261936,-0.02043458,0.1484703,0.999732,2.858773e-09,-1.3483151e-09,0.02315205,9
546444658,546443847,0.98826575,0.030611256,-0.018369155,0.14851367,0.999732,2.858773e-09,-1.3483151e-09,0.02315205,9
546498766,546497955,0.988421,0.026307708,-0.016618187,0.14851159,0.999732,2.858773e-09,-1.3483151e-09,0.02315205,9
546548469,546547573,0.9885556,0.023086596,-0.014730001,0.14835052,0.999732,2.858773e-09,-1.3483151e-09,0.02315205,9
546593513,546592661,0.988686,0.019232322,-0.0128595065,0.14820533,0.999732,2.858773e-09,-1.3483151e-09,0.02315205,9
546647569,546646769,0.98883843,0.01296371,-0.010139961,0.14807998,0.999732,2.858773e-09,-1.3483151e-09,0.02315205,9
546697176,546696389,0.9889332,0.008298475,-0.004284044,0.14806734,0.999732,2.858773e-09,-1.3483151e-09,0.02315205,9
546746798,546745978,0.98895746,0.0065048393,0.0020678528,0.14804232,0.999732,2.858773e-09,-1.3483151e-09,0.02315205,9
546796366,546795583,0.9889033,0.006889577,0.00936199,0.1481057,0.999732,2.858773e-09,-1.3483151e-09,0.02315205,9
546846042,546845187,0.9886771,0.008777854,0.021544114,0.14824463,0.999732,2.858773e-09,-1.3483151e-09,0.02315205,9
546900095,546899302,0.9881424,0.010183873,0.038032413,0.14840706,0.999732,2.858773e-09,-1.3483151e-09,0.02315205,9
546945173,546944397,0.9874389,0.0120136775,0.05291183,0.14839286,0.999732,2.858773e-09,-1.3483151e-09,0.02315205,9
546999301,546998511,0.986431,0.016301243,0.068750046,0.1481949,0.999732,2.858773e-09,-1.3483151e-09,0.02315205,9
547048975,547048115,0.98555446,0.024387524,0.079050876,0.14777932,0.999732,2.858773e-09,-1.3483151e-09,0.02315205,9
547094024,547093211,0.98542005,0.028895104,0.07998651,0.1473589,0.999732,2.858773e-09,-1.3483151e-09,0.02315205,9
547143606,547142815,0.98616546,0.02876075,0.07049588,0.14724399,0.999732,2.858773e-09,-1.3483151e-09,0.02315205,9
547197719,547196929,0.9875079,0.020590968,0.05196486,0.1473226,0.999732,2.858773e-09,-1.3483151e-09,0.02315205,9
547247319,547246534,0.988531,0.009875092,0.03118421,0.14743303,0.999732,2.858773e-09,-1.3483151e-09,0.02315205,9
547296993,547296139,0.9890206,0.0005361501,0.010452486,0.14740719,0.999732,2.858773e-09,-1.3483151e-09,0.02315205,9
547346542,547345743,0.9890844,-0.0051536965,-0.0052849315,0.14716473,0.999732,2.858773e-09,-1.3483151e-09,0.02315205,9
547400654,547399865,0.9890427,-0.0050895587,-0.012537737,0.14700842,0.999732,2.858773e-09,-1.3483151e-09,0.02315205,9
547450240,547449462,0.98908895,-0.0034402758,-0.013218751,0.1466853,0.999732,2.858773e-09,-1.3483151e-09,0.02315205,9
547499879,547499067,0.9891657,-0.0013180154,-0.008869562,0.14652957,0.999732,2.858773e-09,-1.3483151e-09,0.02315205,9
547549466,547548671,0.9892186,0.0003882513,-0.004818076,0.14636736,0.999732,2.858773e-09,-1.3483151e-09,0.02315205,9
547594557,547593767,0.9892472,0.00070419034,-0.0029400345,0.14622223,0.999732,2.858773e-09,-1.3483151e-09,0.02315205,9
547644168,547643377,0.9892477,0.0035235249,-0.0009170258,0.14620505,0.999732,2.858773e-09,-1.3483151e-09,0.02315205,9
547698401,547697494,0.9891902,0.005801497,0.00089361746,0.14652084,0.999732,2.858773e-09,-1.3483151e-09,0.02315205,9
547747869,547747090,0.98912024,0.006435771,0.0047154557,0.14689322,0.999732,2.858773e-09,-1.3483151e-09,0.02315205,9
547797490,547796695,0.98906815,0.0057209632,0.008658953,0.14709389,0.999732,2.858773e-09,-1.3483151e-09,0.02315205,9
547847095,547846311,0.9890161,0.004855475,0.010243027,0.1473729,0.999732,2.858773e-09,-1.3483151e-09,0.02315205,9
547896695,547895904,0.9889621,0.0046378863,0.011528689,0.14764677,0.999732,2.858773e-09,-1.3483151e-09,0.02315205,9
547946304,547945508,0.98892623,0.0046635536,0.013832666,0.14768848,0.999732,2.858773e-09,-1.3483151e-09,0.02315205,9
547995900,547995113,0.98887247,0.0051639457,0.01678221,0.14772631,0.999732,2.858773e-09,-1.3483151e-09,0.02315205,9
548045592,548044718,0.9888249,0.005826078,0.018557101,0.14780714,0.999732,2.858773e-09,-1.3483151e-09,0.02315205,9
548095119,548094322,0.9888107,0.005238467,0.01781901,0.14801544,0.999732,2.858773e-09,-1.3483151e-09,0.02315205,9
548144706,548143927,0.98880965,0.0045239157,0.016239174,0.14822769,0.999732,2.858773e-09,-1.3483151e-09,0.02315205,9
548194328,548193532,0.98880863,0.0036382223,0.014370648,0.14845142,0.999732,2.858773e-09,-1.3483151e-09,0.02315205,9
548248473,548247646,0.9887956,0.0025149551,0.015044695,0.14849499,0.999732,2.858773e-09,-1.3483151e-09,0.02315205,9
548298096,548297251,0.98871887,0.0019410637,0.017809117,0.14870827,0.999732,2.858773e-09,-1.3483151e-09,0.02315205,9
548343130,548342346,0.98864406,0.0015043754,0.020837184,0.1488171,0.999732,2.858773e-09,-1.3483151e-09,0.02315205,9
548397257,548396460,0.9885895,0.0010619629,0.024098765,0.14869097,0.999732,2.858773e-09,-1.3483151e-09,0.02315205,9
548446847,548446064,0.98861843,0.0011660025,0.024183907,0.14848407,0.999732,2.858773e-09,-1.3483151e-09,0.02315205,9
548496465,548495669,0.98870856,0.0018452655,0.02196549,0.14822122,0.999732,2.858773e-09,-1.3483151e-09,0.02315205,9
548546056,548545274,0.98884344,0.0019298386,0.018614111,0.14777823,0.999732,2.858773e-09,-1.3483151e-09,0.02315205,9
548595676,548594879,0.9889559,0.0013690622,0.01615417,0.14732103,0.999732,2.858773e-09,-1.3483151e-09,0.02315205,9
548645288,548644483,0.9890482,0.0007093108,0.015853835,0.14673764,0.999732,2.858773e-09,-1.3483151e-09,0.02315205,9
548694870,548694088,0.9891327,0.0012345933,0.015828393,0.14616609,0.999732,2.858773e-09,-1.3483151e-09,0.02315205,9
548748980,548748202,0.9892363,0.0026294931,0.013029835,0.14572203,0.999732,2.858773e-09,-1.3483151e-09,0.02315205,9
548798602,548797813,0.98934793,0.005002254,0.011063828,0.14506339,0.999732,2.858773e-09,-1.3483151e-09,0.02315205,9
548843698,548842902,0.9894354,0.0061323103,0.008843548,0.14457476,0.999732,2.858773e-09,-1.3483151e-09,0.02315205,9
548893307,548892507,0.98950684,0.007411332,0.008231284,0.14406112,0.999732,2.858773e-09,-1.3483151e-09,0.02315205,9
548947403,548946620,0.9895631,0.007891067,0.0059947018,0.14375925,0.999732,2.858773e-09,-1.3483151e-09,0.02315205,9
548997029,548996225,0.9895928,0.0062358244,0.0040400308,0.1437041,0.999732,2.858773e-09,-1.3483151e-09,0.02315205,9
549046629,549045830,0.9896067,0.005008871,0.0030557874,0.14368105,0.999732,2.858773e-09,-1.3483151e-09,0.02315205,9
549096260,549095435,0.989658,0.0042176386,0.0021881838,0.14336872,0.999732,2.858773e-09,-1.3483151e-09,0.02315205,9
549145874,549145039,0.989713,0.0043849177,0.0030977298,0.14296646,0.999732,2.858773e-09,-1.3483151e-09,0.02315205,9
549195433,549194644,0.9897713,0.006306968,0.0050367257,0.14243433,0.999732,2.858773e-09,-1.3483151e-09,0.02315205,9
549245098,549244249,0.98985344,0.0074040215,0.0057546375,0.14178221,0.999732,2.858773e-09,-1.3483151e-09,0.02315205,9
549299153,549298363,0.98994863,0.0066550914,0.0073284633,0.1410804,0.999732,2.858773e-09,-1.3483151e-09,0.02315205,9
549344333,549343458,0.99005806,0.0057946783,0.0063897697,0.14039503,0.999732,2.858773e-09,-1.3483151e-09,0.02315205,9
549393853,549393062,0.9901856,0.004120646,0.0051529123,0.13960283,0.999732,2.858773e-09,-1.3483151e-09,0.02315205,9
549443456,549442667,0.9903486,0.001541008,0.0041246535,0.13852943,0.999732,2.858773e-09,-1.3483151e-09,0.02315205,9
549497677,549496781,0.9905083,0.0017320944,0.0046317955,0.13736413,0.999732,2.858773e-09,-1.3483151e-09,0.02315205,9
549547173,549546389,0.9906399,0.0021555778,0.0052401153,0.13638309,0.999732,2.858773e-09,-1.3483151e-09,0.02315205,9
549596786,549595990,0.9907946,0.002760756,0.006642361,0.13518272,0.999732,2.858773e-09,-1.3483151e-09,0.02315205,9
549646480,549645595,0.9909373,0.0040141977,0.008698283,0.13398334,0.999732,2.858773e-09,-1.3483151e-09,0.02315205,9
549695986,549695200,0.99107856,0.0041127778,0.0072040437,0.1330206,0.999732,2.858773e-09,-1.3483151e-09,0.02315205,9
549745600,549744805,0.9912072,0.004230213,0.0036021136,0.13220261,0.999732,2.858773e-09,-1.3483151e-09,0.02315205,9
549799715,549798922,0.9913077,0.0038357559,0.0023796668,0.13148668,0.999732,2.858773e-09,-1.3483151e-09,0.02315205,9
549844865,549844014,0.9914048,0.0045365957,0.0051318277,0.13065097,0.999732,2.858773e-09,-1.3483151e-09,0.02315205,9
549894538,549893619,0.9914174,0.00295351,0.0037139347,0.13064912,0.999732,2.858773e-09,-1.3483151e-09,0.02315205,9
549944011,549943223,0.99161965,0.0022034647,0.007072008,0.12897906,0.999732,2.858773e-09,-1.3483151e-09,0.02315205,9
549998131,549997337,0.9925958,0.0046158135,0.010800857,0.12089562,0.999732,2.858773e-09,-1.3483151e-09,0.02315205,9
550047733,550046942,0.99322045,0.007217574,0.013199661,0.11526866,0.999732,2.858773e-09,-1.3483151e-09,0.02315205,9
550097453,550096554,0.9935416,0.009741018,0.013444008,0.112247914,0.999732,2.858773e-09,-1.3483151e-09,0.02315205,9
550146928,550146151,0.9937219,0.008764744,0.010098479,0.11107642,0.999732,2.858773e-09,-1.3483151e-09,0.02315205,9
550196558,550195756,0.9938275,0.006660949,0.011426131,0.1101448,0.999732,2.858773e-09,-1.3483151e-09,0.02315205,9
550246149,550245360,0.9938236,0.0029587853,0.010804144,0.110405095,0.999732,2.858773e-09,-1.3483151e-09,0.02315205,9
550295750,550294965,0.99383986,0.001539399,0.013460467,0.10999426,0.999732,2.858773e-09,-1.3483151e-09,0.02315205,9
550345358,550344570,0.99382603,0.000654828,0.013720069,0.1100964,0.999732,2.858773e-09,-1.3483151e-09,0.02315205,9
550394965,550394174,0.993811,0.0012548374,0.013196398,0.11029007,0.999732,2.858773e-09,-1.3483151e-09,0.02315205,9
550444648,550443779,0.9937994,0.0045630136,0.01289472,0.11034347,0.999732,2.858773e-09,-1.3483151e-09,0.02315205,9
550498687,550497893,0.99381113,0.008076841,0.011247633,0.110217005,0.999732,2.858773e-09,-1.3483151e-09,0.02315205,9
550548281,550547505,0.9937751,0.009851495,0.009553935,0.110556304,0.999732,2.858773e-09,-1.3483151e-09,0.02315205,9
550597897,550597102,0.9937694,0.010617601,0.01189051,0.110310435,0.999732,2.858773e-09,-1.3483151e-09,0.02315205,9
550642982,550642198,0.99373645,0.009631117,0.013880859,0.110465065,0.999732,2.858773e-09,-1.3483151e-09,0.02315205,9
550697160,550696311,0.99379975,0.009803273,0.01445822,0.10980483,0.999732,2.858773e-09,-1.3483151e-09,0.02315205,9
550746713,550745916,0.99388397,0.010008594,0.013479215,0.109146364,0.999732,2.858773e-09,-1.3483151e-09,0.02315205,9
550796298,550795521,0.99398404,0.010367376,0.011340767,0.10844246,0.999732,2.858773e-09,-1.3483151e-09,0.02315205,9
550845909,550845125,0.9940045,0.009402381,0.010429926,0.108434275,0.999732,2.858773e-09,-1.3483151e-09,0.02315205,9
550895546,550894734,0.9939256,0.009363457,0.015559755,0.108546525,0.999732,2.858773e-09,-1.3483151e-09,0.02315205,9
550945117,550944335,0.99370843,0.013275541,0.019115264,0.10955418,0.999732,2.858773e-09,-1.3483151e-09,0.02315205,9
550994738,550993939,0.99336153,0.016991848,0.022893623,0.111445785,0.999732,2.858773e-09,-1.3483151e-09,0.02315205,9
551048833,551048053,0.9929957,0.017608363,0.027265936,0.11360576,0.999732,2.858773e-09,-1.3483151e-09,0.02315205,9
551098467,551097658,0.992722,0.014934456,0.028242238,0.116114296,0.999732,2.858773e-09,-1.3483151e-09,0.02315205,9
551143551,551142753,0.9924656,0.011628857,0.026442826,0.119070284,0.999732,2.858773e-09,-1.3483151e-09,0.02315205,9
551197666,551196867,0.992006,0.0077404617,0.027635498,0.12288442,0.999732,2.858773e-09,-1.3483151e-09,0.02315205,9
551247254,551246472,0.99138516,0.008127044,0.030309195,0.12716506,0.999732,2.858773e-09,-1.3483151e-09,0.02315205,9
551296988,551296080,0.9906477,0.0129300915,0.03039584,0.1323861,0.999732,2.858773e-09,-1.3483151e-09,0.02315205,9
551346469,551345681,0.9899585,0.01487549,0.026598558,0.13803394,0.999732,2.858773e-09,-1.3483151e-09,0.02315205,9
551396064,551395285,0.98940676,0.0098598525,0.022678902,0.14304769,0.999732,2.858773e-09,-1.3483151e-09,0.02315205,9
551445681,551444890,0.9889315,0.0026689004,0.020556021,0.14691839,0.999732,2.858773e-09,-1.3483151e-09,0.02315205,9
551495285,551494495,0.98858494,-0.0005381022,0.017172446,0.14968239,0.999732,2.858773e-09,-1.3483151e-09,0.02315205,9
551544889,551544100,0.98841023,0.0017569152,0.014198863,0.15113127,0.999732,2.858773e-09,-1.3483151e-09,0.02315205,9
551599093,551598214,0.9882823,0.008601378,0.016894303,0.15145542,0.999732,2.858773e-09,-1.3483151e-09,0.02315205,9
551644157,551643309,0.9882362,0.014463436,0.0252373,0.15014432,0.999732,2.858773e-09,-1.3483151e-09,0.02315205,9
551693746,551692913,0.9884934,0.0153174475,0.026861578,0.14807013,0.999732,2.858773e-09,-1.3483151e-09,0.02315205,9
551747819,551747027,0.98903143,0.013865562,0.024808558,0.14494568,0.999732,2.858773e-09,-1.3483151e-09,0.02315205,9
551797460,551796632,0.98945826,0.016956849,0.024616063,0.14170061,0.999732,2.858773e-09,-1.3483151e-09,0.02315205,9
551847021,551846244,0.9897377,0.02088244,0.026626384,0.13883197,0.999732,2.858773e-09,-1.3483151e-09,0.02315205,9
551896703,551895841,0.99009675,0.018130135,0.027671602,0.13643304,0.999732,2.858773e-09,-1.3483151e-09,0.02315205,9
551946229,551945446,0.99047905,0.011642482,0.029850185,0.13388363,0.999732,2.858773e-09,-1.3483151e-09,0.02315205,9
551995846,551995050,0.9908205,0.010128838,0.03027318,0.13136116,0.999732,2.858773e-09,-1.3483151e-09,0.02315205,9
552045547,552044655,0.9911309,0.014914417,0.029537924,0.12870355,0.999732,2.858773e-09,-1.3483151e-09,0.02315205,9
552099583,552098769,0.9913453,0.023302091,0.024040427,0.12693927,0.999732,2.858773e-09,-1.3483151e-09,0.02315205,9
552144655,552143864,0.9914097,0.030267207,0.016241208,0.1262022,0.999732,2.858773e-09,-1.3483151e-09,0.02315205,9
552194258,552193469,0.99151456,0.030118238,0.0069940384,0.12626536,0.999732,2.858773e-09,-1.3483151e-09,0.02315205,9
552248402,552247583,0.9916509,0.021971725,0.0032203575,0.12702577,0.999732,2.858773e-09,-1.3483151e-09,0.02315205,9
552297967,552297187,0.9917082,0.0096550835,-0.0011570547,0.12814194,0.999732,2.858773e-09,-1.3483151e-09,0.02315205,9
552347631,552346794,0.99155957,0.007421313,-0.00028042225,0.12943955,0.999732,2.858773e-09,-1.3483151e-09,0.02315205,9
552392686,552391887,0.9912349,0.013883578,0.0056705875,0.13125753,0.999732,2.858773e-09,-1.3483151e-09,0.02315205,9
552446780,552446001,0.990678,0.025064874,0.0025547422,0.13387503,0.999732,2.858773e-09,-1.3483151e-09,0.02315205,9
552496465,552495606,0.99049747,0.021748345,0.008769946,0.13551742,0.999732,2.858773e-09,-1.3483151e-09,0.02315205,9
552546010,552545210,0.99034667,0.016076641,0.018099869,0.13648216,0.999732,2.858773e-09,-1.3483151e-09,0.02315205,9
552595620,552594815,0.9903019,0.00464352,0.025218224,0.13654505,0.999732,2.858773e-09,-1.3483151e-09,0.02315205,9
552645206,552644421,0.9903793,-0.0047408924,0.027007801,0.13563599,0.999732,2.858773e-09,-1.3483151e-09,0.02315205,9
552694809,552694024,0.99050415,-0.010838254,0.023822732,0.13496907,0.999732,2.858773e-09,-1.3483151e-09,0.02315205,9
552744424,552743629,0.9907775,-0.009236887,0.015663488,0.13427378,0.999732,2.858773e-09,-1.3483151e-09,0.02315205,9
552798529,552797744,0.9906506,0.01919775,0.004364576,0.13499594,0.999732,2.858773e-09,-1.3483151e-09,0.02315205,9
552848143,552847347,0.9896325,0.036073405,0.0019292014,0.13900626,0.999732,2.858773e-09,-1.3483151e-09,0.02315205,9
552893226,552892443,0.9895281,0.031098442,0.007819004,0.14073355,0.999732,2.858773e-09,-1.3483151e-09,0.02315205,9
552947340,552946557,0.98951787,0.021832075,0.0058994414,0.14262894,0.999732,2.858773e-09,-1.3483151e-09,0.02315205,9
552996945,552996161,0.9897033,0.014583029,-0.0016543502,0.14238,0.999732,2.858773e-09,-1.3483151e-09,0.02315205,9
553046557,553045766,0.9899333,0.010499423,-0.00053963397,0.14114347,0.999732,2.858773e-09,-1.3483151e-09,0.02315205,9
553096280,553095370,0.99022454,0.012277152,0.00086864526,0.1389382,0.999732,2.858773e-09,-1.3483151e-09,0.02315205,9
553145779,553144982,0.99024147,0.016507236,-0.00046145223,0.13838099,0.999732,2.858773e-09,-1.3483151e-09,0.02315205,9
553195357,553194579,0.9900589,0.019619627,-0.0013012276,0.13927215,0.999732,2.858773e-09,-1.3483151e-09,0.02315205,9
553244967,553244184,0.9899644,0.020474466,-0.001375351,0.1398191,0.999732,2.858773e-09,-1.3483151e-09,0.02315205,9
553294593,553293788,0.9900572,0.01993841,-0.0021865792,0.13922825,0.999732,2.858773e-09,-1.3483151e-09,0.02315205,9
553348762,553347902,0.99005413,0.019873267,-0.0022277683,0.13925882,0.999732,2.858773e-09,-1.3483151e-09,0.02315205,9
553393791,553392997,0.98999465,0.019982548,-0.003180048,0.13964655,0.999732,2.858773e-09,-1.3483151e-09,0.02315205,9
553443419,553442602,0.99001515,0.020017419,-0.002837448,0.13950433,0.999732,2.858773e-09,-1.3483151e-09,0.02315205,9
553497526,553496716,0.9900313,0.019541001,-0.002929008,0.13945481,0.999732,2.858773e-09,-1.3483151e-09,0.02315205,9
553547096,553546321,0.9900293,0.020239323,-0.0025803507,0.13937669,0.999732,2.858773e-09,-1.3483151e-09,0.02315205,9
553596716,553595925,0.99006104,0.020235382,-0.002980317,0.13914306,0.999732,2.858773e-09,-1.3483151e-09,0.02315205,9
553646330,553645530,0.99006367,0.019783054,-0.0028638474,0.13919187,0.999732,2.858773e-09,-1.3483151e-09,0.02315205,9
553695943,553695134,0.9900759,0.019782765,-0.0023975803,0.1391139,0.999732,2.858773e-09,-1.3483151e-09,0.02315205,9
553745526,553744739,0.990084,0.020067034,-0.0034558235,0.13899311,0.999732,2.858773e-09,-1.3483151e-09,0.02315205,9
553795126,553794343,0.9900746,0.0199811,-0.0025319199,0.1390923,0.999732,2.858773e-09,-1.3483151e-09,0.02315205,9
553849246,553848457,0.9901033,0.019184744,-0.0028737283,0.13899343,0.999732,2.858773e-09,-1.3483151e-09,0.02315205,9
553894472,553893561,0.9900888,0.019547122,-0.0032909536,0.13903676,0.999732,2.858773e-09,-1.3483151e-09,0.02315205,9
553943950,553943156,0.99007547,0.019458303,-0.0028051457,0.13915524,0.999732,2.858773e-09,-1.3483151e-09,0.02315205,9
553993563,553992761,0.99011254,0.019633409,-0.0029079842,0.1388641,0.999732,2.858773e-09,-1.3483151e-09,0.02315205,9
554047680,554046875,0.990071,0.020289281,-0.0031527197,0.1390611,0.999732,2.858773e-09,-1.3483151e-09,0.02315205,9
554097269,554096480,0.99013305,0.019164825,-0.0030282054,0.13878123,0.999732,2.858773e-09,-1.3483151e-09,0.02315205,9
554146877,554146084,0.9901298,0.019232193,-0.003262102,0.13878967,0.999732,2.858773e-09,-1.3483151e-09,0.02315205,9
554196590,554195688,0.9901159,0.019407138,-0.0027052118,0.13887641,0.999732,2.858773e-09,-1.3483151e-09,0.02315205,9
554246070,554245293,0.9900983,0.019824862,-0.0034944878,0.13892512,0.999732,2.858773e-09,-1.3483151e-09,0.02315205,9
554295759,554294897,0.99014884,0.018692106,-0.0031503094,0.13873008,0.999732,2.858773e-09,-1.3483151e-09,0.02315205,9
554349802,554349011,0.9900991,0.020905804,-0.0031744395,0.13876903,0.999732,2.858773e-09,-1.3483151e-09,0.02315205,9
554394898,554394106,0.9901262,0.020399595,-0.0024053468,0.13866597,0.999732,2.858773e-09,-1.3483151e-09,0.02315205,9
554444515,554443714,0.9901209,0.02074315,-0.0023130574,0.1386547,0.999732,2.858773e-09,-1.3483151e-09,0.02315205,9
554494102,554493321,0.99010414,0.020805536,-0.0023834298,0.13876365,0.999732,2.858773e-09,-1.3483151e-09,0.02315205,9
554548282,554547429,0.99010986,0.021534026,-0.0031495297,0.13859643,0.999732,2.858773e-09,-1.3483151e-09,0.02315205,9
554597834,554597037,0.9900653,0.022263423,-0.0033380133,0.13879517,0.999732,2.858773e-09,-1.3483151e-09,0.02315205,9
554647465,554646637,0.99007255,0.021412898,-0.0029399171,0.13888563,0.999732,2.858773e-09,-1.3483151e-09,0.02315205,9
554697029,554696251,0.9901027,0.02048515,-0.0025524031,0.13881832,0.999732,2.858773e-09,-1.3483151e-09,0.02315205,9
554746655,554745854,0.99012035,0.019898023,-0.0032374407,0.13876402,0.999732,2.858773e-09,-1.3483151e-09,0.02315205,9
554796241,554795451,0.9901193,0.020233458,-0.0034404024,0.13871767,0.999732,2.858773e-09,-1.3483151e-09,0.02315205,9
554845838,554845055,0.99011326,0.020812398,-0.0027649454,0.13869032,0.999732,2.858773e-09,-1.3483151e-09,0.02315205,9
554895527,554894660,0.9901384,0.01996975,-0.0030124867,0.13862984,0.999732,2.858773e-09,-1.3483151e-09,0.02315205,9
554945133,554944267,0.9901573,0.019673219,-0.0033411693,0.13852921,0.999732,2.858773e-09,-1.3483151e-09,0.02315205,9
554994668,554993875,0.99012595,0.021056889,-0.0031044683,0.13855574,0.999732,2.858773e-09,-1.3483151e-09,0.02315205,9
555048771,555047982,0.9901411,0.02067818,-0.0034114497,0.13849752,0.999732,2.858773e-09,-1.3483151e-09,0.02315205,9
555098365,555097587,0.9901158,0.020145254,-0.0033560079,0.13875717,0.999732,2.858773e-09,-1.3483151e-09,0.02315205,9
555148059,555147191,0.99014187,0.01996956,-0.002518079,0.13861504,0.999732,2.858773e-09,-1.3483151e-09,0.02315205,9
555193069,555192288,0.9901484,0.020364676,-0.0027878536,0.13850573,0.999732,2.858773e-09,-1.3483151e-09,0.02315205,9
555247217,555246400,0.9901446,0.020697037,-0.0024131758,0.13849033,0.999732,2.858773e-09,-1.3483151e-09,0.02315205,9
555296798,555296004,0.9901733,0.020198043,-0.00330012,0.13834018,0.999732,2.858773e-09,-1.3483151e-09,0.02315205,9
555346397,555345609,0.9901523,0.020566942,-0.0032585098,0.13843697,0.999732,2.858773e-09,-1.3483151e-09,0.02315205,9
555395989,555395213,0.99016,0.020180687,-0.0026184737,0.13845292,0.999732,2.858773e-09,-1.3483151e-09,0.02315205,9
555445601,555444818,0.9901661,0.019783022,-0.0029772604,0.138459,0.999732,2.858773e-09,-1.3483151e-09,0.02315205,9
555495323,555494422,0.99017525,0.020613778,-0.0019331473,0.13829105,0.999732,2.858773e-09,-1.3483151e-09,0.02315205,9
555544816,555544029,0.9901765,0.020922488,-0.0023044336,0.13822983,0.999732,2.858773e-09,-1.3483151e-09,0.02315205,9
555598935,555598140,0.99019104,0.020326946,-0.0023674853,0.13821362,0.999732,2.858773e-09,-1.3483151e-09,0.02315205,9
555648541,555647745,0.9901795,0.021220637,-0.0021477763,0.13816547,0.999732,2.858773e-09,-1.3483151e-09,0.02315205,9
555693800,555692842,0.99015224,0.019811815,-0.0030638948,0.13855202,0.999732,2.858773e-09,-1.3483151e-09,0.02315205,9
555747809,555746953,0.99014294,0.020427851,-0.0027852491,0.13853543,0.999732,2.858773e-09,-1.3483151e-09,0.02315205,9
555797450,555796558,0.9901696,0.01985307,-0.0034279337,0.13841382,0.999732,2.858773e-09,-1.3483151e-09,0.02315205,9
555846937,555846162,0.9901744,0.020413503,-0.002626102,0.13831551,0.999732,2.858773e-09,-1.3483151e-09,0.02315205,9
555896598,555895768,0.99020606,0.020821542,-0.0014430453,0.13804464,0.999732,2.858773e-09,-1.3483151e-09,0.02315205,9
555946189,555945381,0.99017674,0.02073981,-0.0033256775,0.1382348,0.999732,2.858773e-09,-1.3483151e-09,0.02315205,9
555995783,555994977,0.99017304,0.019808978,-0.0023496996,0.13841791,0.999732,2.858773e-09,-1.3483151e-09,0.02315205,9
556045442,556044581,0.99018264,0.021110253,-0.0018378483,0.1381643,0.999732,2.858773e-09,-1.3483151e-09,0.02315205,9
556095031,556094186,0.9901632,0.020673743,-0.0025518541,0.13835846,0.999732,2.858773e-09,-1.3483151e-09,0.02315205,9
556149111,556148299,0.9901896,0.02019277,-0.0024703883,0.13824156,0.999732,2.858773e-09,-1.3483151e-09,0.02315205,9
556194200,556193395,0.9901767,0.020158345,-0.0025061006,0.13833894,0.999732,2.858773e-09,-1.3483151e-09,0.02315205,9
556243803,556242999,0.99017894,0.020238983,-0.002070258,0.13831796,0.999732,2.858773e-09,-1.3483151e-09,0.02315205,9
556297915,556297113,0.9902084,0.020278096,-0.0018397649,0.1381045,0.999732,2.858773e-09,-1.3483151e-09,0.02315205,9
556347574,556346717,0.9901904,0.020363338,-0.0017676092,0.13822223,0.999732,2.858773e-09,-1.3483151e-09,0.02315205,9
556397241,556396322,0.9901793,0.020271469,-0.0017064369,0.13831522,0.999732,2.858773e-09,-1.3483151e-09,0.02315205,9
556446734,556445926,0.9901778,0.020283237,-0.0016147527,0.13832535,0.999732,2.858773e-09,-1.3483151e-09,0.02315205,9
556496347,556495530,0.99019235,0.020077806,-0.001613451,0.13825093,0.999732,2.858773e-09,-1.3483151e-09,0.02315205,9
556545939,556545135,0.9901847,0.020143377,-0.001639788,0.13829589,0.999732,2.858773e-09,-1.3483151e-09,0.02315205,9
556595552,556594739,0.9901832,0.0201954,-0.0014669804,0.13830215,0.999732,2.858773e-09,-1.3483151e-09,0.02315205,9
556645265,556644344,0.99017984,0.020105435,-0.0013154249,0.13833986,0.999732,2.858773e-09,-1.3483151e-09,0.02315205,9
556694831,556693948,0.9901913,0.020056797,-0.0013033312,0.13826567,0.999732,2.858773e-09,-1.3483151e-09,0.02315205,9
556744359,556743552,0.99020755,0.02004245,-0.0012013328,0.13815148,0.999732,2.858773e-09,-1.3483151e-09,0.02315205,9
556798482,556797674,0.9902197,0.019967457,-0.0011418657,0.13807586,0.999732,2.858773e-09,-1.3483151e-09,0.02315205,9
556848069,556847270,0.9902291,0.020026399,-0.0011886768,0.13799968,0.999732,2.858773e-09,-1.3483151e-09,0.02315205,9
