timestamp,timestamp_sample,xyz[0],xyz[1],xyz[2]
523265385,523264829,0.83567876,-0.019033132,-0.038055167
523286433,523285873,-0.21530177,-1.2101072,0.7612643
523307483,523306921,1.1759489,1.3319228,0.16562125
523328513,523327962,-0.09725756,-0.14337762,-0.12812306
523348073,523347506,0.29863334,-2.30339,0.7515592
523367605,523367045,-0.6921398,0.09600407,0.182493
523388640,523388093,-0.6169846,0.034900244,-1.3511684
523405173,523404625,-0.16946493,-0.6965761,0.48278937
523426219,523425672,1.1116315,0.46992612,0.23682356
523447264,523446717,-1.4813179,-0.33452964,-0.8739523
523468318,523467759,-0.21045242,0.9469734,-1.1696148
523486344,523485797,-1.1389667,0.6845263,0.37099427
523507395,523506842,-0.14030302,-0.9497435,-1.5358303
523528443,523527888,-1.7274877,0.94220966,1.7334002
523546479,523545926,1.423495,0.60737914,1.2469841
523566013,523565466,1.8930506,-0.5542191,-1.3950685
523587072,523586513,-1.3243433,-0.9328561,3.093815
523608118,523607572,1.7813005,-1.0304902,0.252518
523626141,523625593,1.3664865,0.675149,-1.7831407
523647185,523646638,-1.2907441,1.0498823,3.5338593
523668241,523667685,1.7019494,1.3848653,-5.856238
523686285,523685727,-2.9277046,4.188769,-0.34003937
523708822,523708272,2.1431017,1.0556636,-0.91837466
523728364,523727810,-0.32103226,1.7289234,-3.9614987
523749417,523748857,-1.3609511,-1.6632246,1.4468007
523767458,523766905,0.29661265,-1.1424135,-1.4696367
523786988,523786435,-1.4735965,-1.658954,-1.0799
523808041,523807491,-2.8998387,-0.68439955,0.92099625
523829078,523828524,5.286392,7.2744164,-3.0549834
523847109,523846562,-4.859095,-2.694201,0.98239
523868163,523867608,-2.991604,0.3908788,0.8857259
523889201,523888651,1.2515903,-2.8299165,-2.3094168
523908747,523908197,1.1342317,1.9179122,1.5103868
523926786,523926231,2.1506314,7.922405,-0.7492787
523947833,523947279,-4.775386,-5.3005652,1.4046222
523968867,523968320,2.4097238,-4.20134,-2.4839745
523988429,523987864,-3.1289802,9.881014,1.5165416
524012467,524011917,3.8935366,-6.1301622,-0.0016750165
524028988,524028446,4.1674747,-9.7104025,1.4316583
524047044,524046498,-2.0317492,12.643503,-1.4314376
524066576,524066026,-8.327362,1.3751664,-0.09958258
524087624,524087070,4.424551,-14.571159,1.5417604
524108658,524108115,-0.99252856,19.603754,-1.2387792
524128202,524127657,-5.1830387,-14.630361,3.7385805
524147748,524147198,8.86716,-1.6011851,-5.0737114
524168792,524168242,-2.0041246,2.5441313,3.949289
524186832,524186284,-3.3275313,-14.219358,3.4927726
524207868,524207325,2.51554,8.64762,-7.7166944
524227430,524226882,-4.625581,-14.577646,7.361917
524249962,524249415,2.525942,17.299873,1.6912636
524267998,524267456,-10.593913,-7.4509377,-2.2506907
524287540,524286994,9.347101,-4.050806,0.15791316
524308586,524308039,-5.124135,-5.79635,6.810761
524326623,524326077,-2.4971285,-1.2922126,-1.7669718
524347670,524347124,-6.490521,-0.50065374,-3.128511
524368709,524368166,8.648469,-9.28048,4.8065314
524389765,524389211,-3.679138,3.8803937,-2.7955208
524407792,524407250,-9.497386,-7.5556383,5.3730626
524427333,524426791,7.7640595,2.4343193,-3.0878458
524448384,524447835,1.2513448,-5.3542852,0.8832307
524466423,524465875,11.919785,12.86063,-1.6672229
524487462,524486918,-16.837156,-6.4994826,7.708056
524508506,524507963,8.371885,-1.5214454,-4.961723
524529557,524529007,-4.9745393,-2.0507636,-0.9844524
524546095,524545545,12.194259,5.024218,6.378628
524567130,524566587,-25.015179,-2.1160185,1.0751541
524588178,524587632,19.088854,0.74419475,-7.40895
524606216,524605673,-17.572445,-0.7269093,0.29315457
524628762,524628218,14.145628,3.881898,1.1773932
524645312,524644753,-24.789375,4.6066,-6.2187047
524669349,524668804,-6.3504143,-3.0484972,-7.9448357
524687392,524686842,-7.647072,3.252579,4.024719
524706935,524706392,17.082996,1.9825076,-1.0464664
524727972,524727429,-13.709337,0.516608,0.7701986
524746016,524745467,12.591455,-9.045315,2.7660358
524768565,524768019,2.6158302,-0.6440388,5.870095
524788108,524787566,11.281946,8.787154,-5.143555
524809146,524808600,-5.5216312,-5.7427597,-1.7083138
524827181,524826639,1.7004282,-3.075469,4.6115246
524848239,524847683,-5.6573925,-9.05784,5.6174545
524869281,524868728,14.820355,19.85153,-9.4362
524885818,524885276,-17.10286,-11.68103,2.6161113
524908353,524907811,5.028797,3.532855,5.1185665
524927911,524927352,-8.8134985,-7.539808,2.2250223
524948954,524948400,17.51615,17.902565,-9.878125
524966978,524966436,-21.086676,-17.204317,2.2490952
524988023,524987480,14.997687,7.1312203,5.009118
525009073,525008527,-10.401264,-8.137627,7.0479183
525025611,525025060,20.716402,12.808215,-7.626957
525048157,525047607,-14.257481,-11.832545,3.3414598
525067691,525067149,16.519243,3.7756715,4.4836493
525088743,525088194,-5.389327,-6.8947935,7.291743
525106774,525106232,22.306562,14.172251,-10.948444
525127831,525127276,-3.075644,-10.124649,5.654988
525145857,525145314,19.008266,1.9491369,2.3483427
525165415,525164860,-21.475454,-1.3122587,0.10059501
525186448,525185900,6.2634826,10.081524,-8.226825
525207502,525206945,3.8675084,-6.201674,3.815348
525228532,525227990,-14.46933,3.0291736,-1.104383
525246573,525246028,1.2985262,-11.054265,5.2526937
525269120,525268576,-24.033937,5.2314057,-1.7737942
525285653,525285111,1.1197326,-9.792616,5.109514
525306701,525306155,-8.049739,9.587596,-4.6285696
525327756,525327202,19.207346,-7.3333826,0.33020246
525348798,525348244,-13.135368,-6.6251287,3.846072
525369832,525369289,5.8382416,17.286749,-1.2174011
525386367,525385824,-7.2840543,4.3651137,-5.7660656
525407418,525406869,16.836613,5.561942,-5.466737
525425457,525424907,-6.6257544,3.316237,3.6124573
525446499,525445955,6.612975,10.8108835,3.4146078
525467541,525466996,-13.124375,-11.508464,-0.1686782
525488585,525488041,9.867066,11.066878,-10.000951
525509631,525509086,-1.0443449,-15.507593,3.604075
525526170,525525621,17.107023,17.320734,1.6143733
525548718,525548169,-5.39821,-3.0925167,3.4408026
525565252,525564703,14.329258,6.6265025,-5.5506186
525586290,525585748,-11.337719,-14.018806,7.1909227
525607344,525606793,14.098461,13.195391,0.87041754
525628386,525627837,1.9730035,3.5483546,2.034256
525649430,525648882,-30.355955,-7.5288916,-5.7966967
525665960,525665417,-5.268923,-14.683194,8.488105
525687005,525686462,-6.4396806,4.586213,0.2911995
525706547,525706003,11.069417,6.6447496,0.37602705
525726089,525725546,-19.315804,-4.647087,-6.506852
525747135,525746592,25.692345,-2.7472484,4.8900614
525768177,525767634,-17.47305,-1.8528916,5.3521714
525786214,525785672,19.471611,5.6302176,-1.65976
525807269,525806716,-33.794266,-8.286287,-1.1424322
525828315,525827761,14.186483,4.4356194,-0.72979087
525846342,525845799,-20.210888,-7.280479,1.9992405
525865884,525865340,33.071487,16.175323,-6.38572
525886942,525886390,-26.745192,-15.232118,4.73621
525907979,525907430,-8.250813,4.9566827,0.7686153
525926011,525925468,-8.734516,-12.969506,3.5948591
525947058,525946512,1.4585115,19.968302,-11.741981
525968111,525967569,22.218071,-1.0842346,0.23928764
525989144,525988602,-34.3406,-15.826687,8.56708
526005679,526005137,12.594382,-12.29559,3.475018
526026739,526026190,-23.527134,7.6594143,-8.566304
526047768,526047226,29.324474,11.497057,-7.57899
526065815,526065268,-29.937279,-4.488511,6.0060253
526086852,526086309,19.981386,9.14421,-0.541905
526107903,526107353,-10.146642,-7.4477897,-1.3113811
526128941,526128398,3.381848,14.403565,-10.388336
526145484,526144933,-20.011007,-11.805544,9.339718
526166530,526165987,12.628333,6.6528006,-0.7832827
526187578,526187022,-15.811425,-9.200142,0.93754685
526205605,526205060,27.109133,17.497877,-5.3386455
526226651,526226105,-12.193811,-9.074149,6.5745373
526247712,526247162,3.429225,-2.740051,-1.152327
526268737,526268194,14.990002,-0.14882421,2.4426212
526286786,526286232,0.6071216,9.534395,-5.192386
526307820,526307277,20.511955,8.972677,2.9282913
526328866,526328323,-21.168354,-8.2260475,-0.48780224
526346914,526346360,13.557287,-6.8327775,2.84755
526366448,526365901,-16.915741,4.9767838,-0.18212247
526387488,526386946,18.090721,8.378252,0.13009065
526408533,526407990,-9.749538,-0.6237528,-2.208119
526426581,526426036,13.571754,-9.212265,1.2073677
526447626,526447073,-18.50037,-11.91881,8.356894
526468660,526468118,15.316021,22.211128,-1.7351136
526485195,526484653,-11.541174,7.3540964,-9.423213
526506247,526505697,27.211374,-5.00349,-0.021154419
526527285,526526742,-25.7054,-24.596167,11.958903
526548337,526547791,3.450618,22.042555,0.6484335
526566368,526565825,-21.406559,-9.145501,-3.2391317
526587423,526586871,-5.941725,7.9149923,-9.145006
526608463,526607914,24.297106,-10.277127,7.185978
526626498,526625952,0.47035882,14.3324375,-2.101949
526646037,526645494,-2.7363644,-3.9542189,-1.4748361
526667087,526666544,-25.00593,-5.805046,-4.8507233
526688127,526687585,21.808239,6.4396634,2.0344868
526707667,526707124,-17.700089,-9.384145,4.4912314
526727208,526726666,30.870642,11.202467,-3.1933975
526748265,526747722,-30.354647,-7.122469,-1.8240099
526766313,526765748,27.052986,4.7252836,2.0483625
526787344,526786793,-4.577906,-0.62400687,3.5294938
526806877,526806335,9.422639,4.078831,-7.089589
526827928,526827385,10.324534,-9.8212,4.9030695
526847472,526846920,-17.488905,2.219206,2.4250557
526867005,526866462,15.3254175,-0.84999305,0.047798116
526888066,526887506,-5.842664,17.04164,-9.783325
526909099,526908557,8.47911,-5.751038,-0.7403232
526928638,526928095,-8.160106,-8.239669,8.09093
526948176,526947634,2.7125688,4.0669227,0.33377388
526969221,526968678,-3.920169,0.19530436,-5.3840384
526985759,526985213,-6.080001,-14.219909,5.4665217
527006803,527006258,-11.795717,-8.362983,6.103313
527027845,527027303,23.13861,8.895332,0.5491143
527048896,527048347,-30.381136,-5.0436993,-4.0848136
527068439,527067889,34.91154,15.768073,-5.789991
527087982,527087430,-32.235744,-18.864008,8.002605
527109020,527108475,9.264101,-1.2003855,-0.9913162
527125557,527125010,-34.201748,-4.0364423,-3.9834497
527146598,527146054,27.224375,11.774113,-2.6343243
527167665,527167114,-5.5338554,-2.6725047,6.0849385
527188686,527188143,-8.980047,-10.896043,0.3259959
527206739,527206192,-8.78911,-1.3125758,0.063586146
527227769,527227226,-8.458003,7.366288,-2.7463353
527248820,527248271,14.951296,8.446413,0.15959264
527266852,527266309,-2.6898725,-9.365531,-1.3809942
527286399,527285850,-0.7906452,-1.597431,2.044411
527307444,527306895,-5.824675,6.3379793,0.4910617
527328482,527327939,6.296131,2.4946308,0.8641251
527348024,527347481,-6.0955935,3.0545478,-5.445046
527367577,527367022,3.285114,-16.7988,3.2763078
527388611,527388068,-2.6696548,7.1276894,3.79906
527406648,527406105,2.3715327,-4.760585,0.46133655
527427695,527427151,0.9023802,12.716465,-8.392411
527448766,527448206,-0.08351977,-9.216598,-1.0357918
527469806,527469238,-5.373467,-19.374336,9.039382
527486317,527485773,-6.4105105,-1.8326231,0.5903955
527505857,527505315,3.2165184,12.66707,-11.500159
527528418,527527869,13.756451,10.386624,-8.695858
527546447,527545901,-14.92272,-13.701698,10.174189
527567496,527566949,12.807916,22.57816,1.8294803
527588537,527587990,6.6792793,-1.8894749,-0.2018042
527609579,527609035,-11.80843,-3.0805972,-7.010137
527626112,527625570,3.4681838,-19.106892,6.465714
527647156,527646614,-8.714582,-3.0069838,7.7450814
527668207,527667659,4.6885533,23.163006,1.0987694
527686246,527685700,-3.5864975,-10.107715,-1.0597142
527708797,527708248,-16.206491,-6.493986,-5.13709
527725323,527724780,16.54324,-8.048418,1.3034966
527746367,527745824,-4.2630777,-0.73085386,3.3254657
527765915,527765366,0.9642209,12.887049,-0.73966825
527786956,527786411,24.755646,2.4282901,4.9559164
527808001,527807456,-15.2608385,-8.063274,6.819949
527826039,527825493,20.369339,-3.4017007,1.8324617
527848588,527848041,26.64636,-8.764114,3.7183635
527868127,527867585,-4.2453337,3.9370415,3.683749
527889169,527888627,-34.91038,-4.438594,3.6579785
527907213,527906665,21.168264,15.816516,-4.413063
527928264,527927710,27.876574,19.061277,-1.4972651
527949310,527948754,13.940083,12.434556,1.5541035
527965841,527965298,-8.089539,1.9176658,0.9736782
527986884,527986336,-25.058407,10.188909,0.94421095
528007947,528007395,-20.541649,7.4474025,3.0361025
528028973,528028429,-13.149552,-0.84621596,2.8571775
528047004,528046461,1.1784158,-6.4979353,4.5112386
528068051,528067506,-3.6790571,-9.784035,0.4761206
528089097,528088554,-4.6591763,0.12704006,-4.2881985
528105630,528105085,-1.7394142,-3.691574,-1.8375446
528126672,528126130,-0.8239125,13.449215,-3.9328222
528147717,528147174,-4.83631,11.643383,1.0010879
528168761,528168219,-1.4673988,3.7185304,3.485354
528186811,528186265,-7.43582,-2.1224096,4.7943363
528209351,528208805,-12.08841,12.841423,-1.880855
528228895,528228346,2.8132963,17.795317,-2.3149917
528246937,528246389,13.546946,13.392572,1.8137705
528266469,528265926,17.24332,-10.11336,10.8087015
528287522,528286970,-4.456281,-14.287052,3.0944982
528308559,528308015,1.4212254,-0.70771587,-2.5154877
528326598,528326053,4.1551456,-6.491867,-0.5575722
528347640,528347097,-1.8744556,-16.971546,-2.1244974
528365678,528365136,-3.2379088,2.737738,-7.3925467
528386723,528386180,5.0201273,16.389809,-2.759196
528407781,528407225,2.55901,-21.649023,7.8816614
528428812,528428269,-3.832955,3.3754146,-2.0673158
528449857,528449314,12.337744,-0.10161398,-4.234629
528466398,528465849,7.810559,-13.514795,-0.85791045
528487445,528486896,-1.0971626,-9.001669,-0.056915805
528506981,528506435,0.110881254,-2.571126,3.7810194
528526519,528525976,10.217746,-9.884701,1.9740883
528547576,528547021,-11.070648,17.851917,-3.4148965
528568624,528568065,-0.86809486,-0.7463279,5.764421
528589653,528589110,-0.55310565,-9.517195,-5.4874454
528606191,528605645,4.02898,15.606705,-9.856616
528628742,528628193,8.007501,-30.744596,8.386275
528645271,528644728,2.8457272,-37.77169,9.350346
528666315,528665772,-5.648506,47.034138,-5.979208
528687368,528686817,-0.59997547,-24.049625,4.3753033
528705404,528704855,-8.320824,-45.49378,4.9262404
528729449,528728906,-21.127466,12.645777,2.5534918
528745984,528745441,-39.72585,-8.05763,1.8084904
528768540,528767993,31.941612,4.734258,-1.4250567
528788083,528787530,-35.582424,9.373806,1.1292217
528806111,528805569,4.5497537,6.388276,0.6676768
528827156,528826613,6.5479198,-16.617302,-2.7137341
528848207,528847658,-10.267032,19.29955,0.43328923
528866250,528865696,10.327541,-13.743412,1.1639248
528887296,528886740,-8.936547,15.129671,-1.6183012
528908327,528907785,-2.4104764,-20.133282,3.5503378
528929379,528928829,6.6201515,23.667356,-2.3442204
528945927,528945381,1.8915141,3.407607,-2.8833325
528966953,528966409,21.244823,9.569662,-0.10236371
528987998,528987455,0.3150129,-22.592503,0.6528624
529006035,529005492,7.573023,-2.835235,-0.8701226
529027081,529026538,-4.343013,-10.39706,2.6000361
529048130,529047581,-0.2646721,13.861095,-0.025025161
529069168,529068625,2.088726,-6.6184564,-1.7402359
529085703,529085160,-1.9643141,12.177758,-2.730692
529106748,529106205,4.285633,-2.4555266,1.8284014
529127793,529127250,1.7809088,-6.0370197,3.8620207
529145830,529145288,7.778586,-0.3865168,-1.9678332
529166882,529166332,6.12894,-12.7555065,-0.0049893153
529187926,529187383,-6.0333357,8.900841,-2.9198492
529208971,529208425,-24.294294,2.9772916,2.4093173
529225507,529224956,24.831459,7.7117476,0.21183
529248057,529247508,12.1032715,14.155189,0.21497712
529267600,529267045,-26.486576,-5.730757,-2.849474
529285627,529285083,31.198517,-0.54945767,-1.1127452
529306677,529306128,23.473906,4.9013243,-0.556027
529327716,529327173,-14.593486,-14.400245,2.3877428
529348766,529348217,-13.161909,-7.847747,0.09181511
529366811,529366255,-2.8810875,0.20766981,1.43872
529387846,529387300,-2.4847112,5.3055725,-1.3507599
529408902,529408346,3.4707544,8.029365,-0.34459093
529425427,529424879,8.351424,1.3737558,-0.12531002
529446466,529445924,6.1609516,-3.1667118,0.81084704
529467515,529466969,7.488254,6.0711074,0.69029593
529488557,529488013,1.1925229,9.366564,-0.8614465
529506596,529506051,-7.3961716,-14.378864,-0.07156896
529527642,529527095,-0.8735187,-14.346651,0.88739204
529548685,529548140,3.2334979,1.8695667,0.9990569
529565223,529564675,-1.5313053,-4.9446874,0.04464064
529586262,529585719,-1.971017,7.144795,-0.7162018
529607314,529606768,-4.2360187,4.7816744,0.24928002
529628354,529627809,-6.8065453,-1.0514208,-1.0337224
529647900,529647351,3.843102,-5.6498985,-0.1071606
529667440,529666891,10.006836,11.314027,-0.7224093
529688479,529687936,-0.06811268,2.201946,0.0988129
529706517,529705974,-1.9557589,-1.8803387,0.29569018
529726060,529725515,8.354117,10.631974,-0.37323174
529747125,529746568,12.128597,2.6860588,-0.60615546
529768147,529767604,7.824611,-3.1555161,0.030080598
529786185,529785642,-11.823044,9.1335945,-0.57219684
529807230,529806687,2.1893134,-2.7249005,0.2072561
529828288,529827732,21.449648,-12.956409,1.1041512
529846312,529845770,-24.500126,8.403977,-0.68354374
529868862,529868317,-34.83691,-1.917733,-0.41051358
529886907,529886358,27.624098,-6.3510265,0.75441754
529907951,529907400,30.558226,5.5574903,-0.7725049
529925985,529925439,-35.96881,-7.7181754,-0.59703267
529947032,529946483,-16.928535,-0.681059,-0.31124982
529968083,529967527,16.384617,0.9506684,0.014422957
529989114,529988572,24.623674,0.099261425,2.6604521
530008663,530008121,8.314771,8.731582,-0.32943648
530028197,530027655,-3.1593223,5.3743725,1.0082963
530049252,530048699,-3.9660726,-12.379328,0.35597336
530065780,530065234,3.05253,11.9995,-1.3996136
530086821,530086279,-8.197914,-4.7903824,-0.33372468
530107866,530107323,-11.4532385,-10.881904,-0.11194556
530128916,530128368,-8.333679,-6.1771255,-0.4868349
530148452,530147909,3.7723505,10.910303,-0.26092634
530167994,530167451,-5.0963306,0.7786033,0.08761695
530189038,530188495,-6.883857,-7.78799,0.10728063
530205587,530205030,4.2072444,10.95997,-0.76456124
530226620,530226074,-1.5525625,2.8737452,-0.79746854
530247687,530247135,-4.4749856,-8.305915,-0.50893825
530268709,530268163,-3.235089,-8.268533,0.18578798
530288260,530287717,3.117716,3.6137304,0.48207814
530306285,530305743,-6.3530574,-3.4727979,-0.45018476
530328833,530328291,-8.851638,-3.3593926,-0.5827299
530346872,530346330,4.708381,0.58206636,0.6696258
530366427,530365870,4.6773815,5.863054,0.60033906
530387462,530386915,-4.185839,1.0035949,0.13254069
530408505,530407960,-6.2871346,-4.452373,0.35954663
530426543,530425998,4.661144,3.771515,0.47064528
530447597,530447042,7.563663,7.6458225,0.09605944
530468637,530468088,4.655378,7.1399055,0.08603702
530486668,530486125,-1.3122423,-7.009335,0.23517673
530507719,530507170,-0.15060826,-6.504767,1.0051273
530528769,530528214,-0.37755698,1.3319715,1.0413737
530549814,530549271,-2.2341092,3.2036235,0.7025519
530566337,530565793,2.2989395,-2.475532,-0.2537786
530587387,530586838,-0.9859054,-1.4126241,0.2714868
530608438,530607883,-1.6683509,1.6607617,0.12567233
530626476,530625924,-0.37058687,1.7953808,-0.13502114
530647511,530646965,2.1757414,-1.2463044,-0.27222258
530668554,530668010,3.3733628,-4.450103,-0.3665121
530689598,530689054,3.4317179,-5.2487483,0.18024564
530707635,530707093,-2.0376492,3.2519748,0.8342955
530727182,530726634,-1.0167348,-1.420365,-0.37222594
530748221,530747678,1.5543803,-3.8056011,-0.68554586
530766260,530765717,-0.7283642,5.183297,-0.14721714
530787309,530786766,0.2793979,4.8103476,0.3038264
530805342,530804799,4.5216565,-5.28975,-0.31761852
530829404,530828850,4.6368427,-3.680572,-0.2798219
530847445,530846888,-2.3440933,2.2840154,-0.018856866
530866973,530866430,-10.129113,1.0126373,-0.030355282
530888019,530887474,-5.2753077,-4.7480416,-0.0973188
530906065,530905513,10.5286455,-0.71712166,-0.06305611
530927101,530926557,0.577577,8.092669,-0.4755661
530948146,530947603,-16.26876,8.927847,-0.016201075
530969189,530968646,-23.472713,2.99661,0.13404174
530987248,530986684,23.801043,-5.6664376,-0.30987117
531008282,531007729,31.015297,4.2071776,0.29488966
531029319,531028773,10.60341,12.969655,-0.85883677
531045866,531045308,-2.3724341,-14.032038,0.3931973
531066905,531066353,22.983213,-5.016555,-0.2575566
531087943,531087398,38.418953,6.57008,0.23430337
531108991,531108442,15.450793,11.182262,-0.49587697
531127023,531126480,-28.881886,-11.6949,1.2521573
531148080,531147525,5.276873,2.613412,-1.7678741
531169112,531168569,22.560755,10.108274,-0.5876517
531185647,531185104,-17.554884,-11.022237,0.54873174
531206699,531206149,2.8387144,8.266483,-1.1443417
531227737,531227193,6.51744,3.0255878,-0.9960587
531248786,531248238,-3.8666399,-15.766512,2.1696112
531266827,531266277,3.8206787,16.699812,-1.5444285
531287863,531287320,-3.3728654,-14.522739,0.8112816
531308925,531308365,-2.4837854,-6.646398,0.86311394
531326948,531326404,6.9993715,0.27993417,0.67245036
531348008,531347462,-2.4259524,-8.655467,3.1877236
531367540,531366992,-1.2401242,18.490376,-2.2628787
531388599,531388053,0.31115413,-24.918663,4.11291
531406622,531406080,3.2643442,16.343004,-3.305195
531427667,531427116,-8.751161,-24.996864,5.286216
531445697,531445155,6.129901,6.4100046,-1.544954
531466753,531466199,-2.7627156,-18.203918,3.7963939
531487797,531487244,-5.5593877,4.5402093,-3.516434
531508832,531508290,5.8861365,-1.1287149,3.3928702
531529879,531529333,-9.336544,-11.543085,-2.3604805
531546424,531545868,7.4969916,3.3321383,-0.9548095
531568960,531568416,-16.364092,-17.61348,-0.73486096
531585494,531584950,1.2507814,0.2871545,-0.6564462
531606542,531605995,-6.631774,-7.7299905,0.29406297
531627595,531627041,-5.1221976,20.555113,-2.5514643
531648627,531648084,2.1262023,-3.3106053,1.0396913
531669671,531669129,1.9652239,-0.4577287,2.498637
531686207,531685664,2.3882375,-3.0384436,-0.943112
531708768,531708212,2.8729565,-7.258533,2.4462636
531725289,531724746,0.39512813,-0.58835906,-1.200833
531746336,531745791,9.276526,-3.563712,2.001969
531767385,531766836,-4.77744,1.8709974,-0.9967146
531788428,531787880,-0.3776097,-12.906931,-0.75893104
531809470,531808925,8.140599,-2.87248,-0.114511624
531826006,531825461,-8.738011,-11.098983,-0.48646122
531848573,531848022,-7.76973,-16.321646,0.15064652
531866593,531866049,14.544512,10.465792,-0.3511636
531886129,531885587,-13.392523,-1.5859954,-0.8712026
531907174,531906631,-19.04718,-7.7125554,-0.22529267
531928219,531927676,-9.95271,-2.995526,0.1449357
531946273,531945714,17.615559,0.3871474,1.8729297
531967312,531966759,7.8019505,-2.4930437,0.98185015
531988347,531987805,4.1728034,-1.9249263,0.108053744
532009399,532008848,3.5840142,1.9376267,0.31856382
532025937,532025389,-0.15512906,0.37078518,0.41798624
532046970,532046428,7.1750274,-5.6819487,0.017766481
532068015,532067472,19.63648,-3.5009122,1.2894044
532086055,532085510,-10.889278,12.050656,-0.88002825
532107097,532106555,-24.868681,-0.46490043,-0.58038294
532128149,532127599,-17.807676,-9.273281,-0.19694056
532149186,532148644,-5.083563,-5.9914484,-0.5569089
532165721,532165179,7.2457366,-4.586915,0.2524371
532186772,532186230,-2.6376896,-5.151526,0.5868043
532207811,532207268,-3.239188,6.937652,0.32186326
532225849,532225306,0.029348716,-12.216143,1.2080562
532246899,532246350,25.03494,-0.072305955,1.6471969
532267938,532267395,35.093483,10.146913,-1.1188608
532288988,532288440,18.236269,4.8625817,0.014292145
532305518,532304975,-15.729439,2.2653992,-0.4928191
532326572,532326024,0.9680716,7.3143053,0.1522699
532349115,532348573,-4.6160336,-1.7369065,-0.54869
532365645,532365102,-5.356275,6.332674,-1.0182751
532386689,532386146,-2.7350256,-5.133509,-1.1129087
532407744,532407196,10.29866,-9.619466,0.0012983837
532428778,532428235,14.023291,-1.9947581,0.25603342
532448319,532447777,-26.379503,0.015333294,0.18374738
532467861,532467318,8.562689,-14.269265,0.24274848
532488921,532488379,17.927551,9.283608,-0.3248994
532506943,532506401,-8.375112,-7.5039334,0.18068646
532526486,532525942,3.2394166,2.783177,1.2825482
532547530,532546987,11.9372015,18.44861,-0.49814144
532568580,532568032,-9.111887,10.522505,0.83464557
532588117,532587573,0.35358444,-6.1285496,0.7549651
532607669,532607114,7.938382,16.40374,0.041884497
532628704,532628159,-16.915648,2.8163936,0.08079762
532645240,532644694,22.722694,8.480759,-0.55556667
532666295,532665749,17.758806,9.996948,-0.29577726
532687342,532686783,-5.197015,-7.69507,-0.4518447
532708370,532707827,-5.435245,-11.849912,0.13632776
532727917,532727369,4.7967196,9.144533,-1.1780182
532747460,532746914,-5.872929,-10.898566,0.7110127
532768510,532767961,-6.782603,3.0653713,-0.37203202
532789548,532788999,11.410696,-3.4300954,-0.3266147
532806089,532805534,-17.024681,5.0615034,-0.83549064
532827121,532826579,-13.6866,-7.469656,0.40600958
532848169,532847627,14.932491,-7.8599644,1.2340629
532866204,532865661,-9.690244,3.5478442,-1.6213421
532887260,532886706,-18.945066,-10.290778,1.5523989
532908301,532907751,-0.19154438,10.2762575,-3.50597
532926331,532925789,5.380125,-9.072076,0.22820288
532947383,532946833,-1.7275231,-2.2076,0.008212065
532966930,532966381,-4.4581995,-0.03166739,-2.2550948
532987962,532987419,11.547431,-5.119598,0.24024943
533006005,533005457,-10.683162,0.40938023,0.13247943
533027045,533026502,1.3600727,-6.654051,0.17554548
533048103,533047561,17.6102,9.495942,0.26847893
533069133,533068591,13.729269,9.510294,-0.64601606
533088682,533088132,-11.38405,-2.2764964,0.1849818
533108223,533107675,5.1543865,5.9379687,-0.9924753
533129271,533128718,17.357477,12.002738,-0.6613039
533145796,533145253,-24.22085,-8.757094,0.1298069
533166840,533166298,1.344747,0.42466223,-0.8466371
533187899,533187344,14.443482,5.2901835,-0.39955777
533208931,533208389,11.07805,-0.5954764,-0.11385072
533228473,533227928,-4.08533,-12.00712,-0.022572747
533248013,533247470,-4.466253,0.4435938,0.56099385
533269063,533268514,-4.4451723,0.16764897,0.10698163
533285596,533285049,-7.3942,-5.6996655,0.16725692
533306643,533306094,-7.652727,1.5640475,0.16672555
533327683,533327138,-6.221201,2.0750456,0.48925468
533348732,533348190,-1.8283511,-0.032373644,0.32411826
533368285,533367724,13.593478,-3.0269566,0.011341605
533387814,533387265,-2.1336935,8.684727,-0.5260845
533408852,533408310,-10.329361,14.58056,-0.36962897
533425395,533424846,19.003294,-9.9486,1.2695143
533447939,533447397,16.888605,-12.748451,0.694777
533467483,533466934,16.80906,0.59436226,-0.38776886
533488521,533487978,-1.1972278,2.272406,0.33591557
533508072,533507520,-10.486279,-2.6451411,-0.24208993
533527633,533527065,0.07356942,-0.18546167,-0.2718655
533548655,533548106,6.628575,5.731135,0.38494036
533566693,533566144,5.380805,3.8571503,-0.08576464
533587748,533587188,2.560903,3.4113693,-0.31809175
533608786,533608233,-1.3119451,-0.18283015,-0.22068468
533629820,533629277,-4.944546,0.18181609,0.16995461
533646355,533645812,2.4038475,-1.9231373,0.14084488
533667414,533666857,3.276655,-6.2627344,0.28891566
533688455,533687903,9.277534,-4.873555,-0.0970341
533706487,533705940,-15.863062,2.0202398,-0.027045125
533727527,533726984,-23.380465,-2.5331287,-0.522677
533748578,533748029,-18.883562,-15.278115,0.72500587
533769631,533769080,-3.269719,-11.240598,0.65897024
533786154,533785612,4.5116515,8.83356,0.3574502
533807196,533806653,-4.7612348,4.06997,-0.4148946
533828247,533827697,-14.631046,-1.6183087,-0.72569937
533846285,533845736,-1.4302759,5.925537,-0.17167412
533868833,533868283,-14.395043,8.015028,-1.1461802
533888385,533887825,-3.0624137,-0.3674737,0.057749238
533909418,533908869,11.252739,-11.593129,1.7395337
533925948,533925404,-8.995603,8.277097,-0.56549245
533946992,533946449,-11.96899,-9.728623,-1.0591328
533968040,533967493,3.0253496,-12.127262,-0.9399532
533986084,533985542,8.159992,1.5783519,-0.2982661
534007119,534006576,-3.1948524,3.4162664,-0.5639836
534028164,534027621,-8.098622,-5.7585945,0.40443975
534049209,534048665,-7.4389563,-9.550338,-0.009821497
534067264,534066705,8.469279,10.9620075,-0.56144977
534088317,534087748,4.968525,14.300672,-0.64093846
534109342,534108792,1.966047,4.3780317,-0.010387521
534125871,534125327,-4.663673,-2.1766875,-0.9249226
534148426,534147875,-14.709978,-5.8618774,-0.093524195
534167966,534167416,-1.1041158,3.3296065,-0.36920187
534189004,534188461,3.1694965,3.8169982,-0.6102911
534207051,534206502,14.757149,-7.1918383,-0.6983862
534228098,534227546,17.198248,-5.310289,-0.9531389
534249141,534248592,13.5323925,-0.9057982,-0.3901322
534265672,534265123,-13.535484,3.3123944,0.7206494
534286710,534286167,-5.9659204,7.364348,0.53015053
534306251,534305709,9.870553,3.3150547,0.038148455
534328816,534328274,10.343183,3.0254412,0.9853285
534346838,534346295,4.3902736,-1.9879836,0.45787588
534367882,534367339,-3.5181313,-1.5711966,0.69329774
534388931,534388389,-11.012678,-1.51134,0.46701372
534405465,534404919,3.2433465,-0.70481217,1.0030781
534428010,534427466,-6.500695,-1.0557415,0.5875353
534447580,534447007,18.855492,2.9817135,1.0664686
534468613,534468059,26.97293,3.1029758,0.31721762
534486633,534486090,-19.53819,-1.5023811,-0.58075374
534507677,534507135,-23.950043,-4.3513227,0.5366941
534525716,534525173,9.931371,-8.005868,0.9922887
534546771,534546217,12.813742,-4.4220195,0.98267734
534567808,534567266,10.184457,0.8072341,0.7118247
534588849,534588306,4.1271567,7.319548,0.21942247
534608396,534607848,-4.4284487,8.248346,-0.27871686
534626435,534625886,-1.2137531,-3.0716588,0.97014546
534647480,534646938,4.645362,-6.0354033,0.62554216
534665511,534664968,7.185176,-0.0504007,-0.72593695
534686563,534686013,4.029536,5.857995,-1.5481366
534707612,534707058,-1.8347378,6.7841797,-0.81338024
534728644,534728102,-10.109527,2.1132133,-0.4653041
534749694,534749146,-10.954617,-4.356108,-0.1496872
534766235,534765682,11.641233,9.303804,0.10885661
534787269,534786726,4.1000543,12.615596,-0.29716825
534806810,534806267,-15.61764,-3.9109237,-0.22574587
534826351,534825808,11.341268,-4.8145223,0.29033086
534847402,534846853,20.204863,5.0656466,0.7746844
534868447,534867897,15.491856,11.792581,-0.17819019
534889485,534888942,-7.056548,7.2040176,-1.1904141
534906019,534905477,8.0843525,-5.045798,-0.12132904
534928569,534928025,12.90997,-4.655812,-0.9066213
534945102,534944560,-23.657707,-8.832162,-0.056167103
534966153,534965604,-27.55043,-15.782828,-0.54348165
534987191,534986649,-10.933435,-7.2958865,0.1963423
535008236,535007693,11.404138,7.468424,0.2535499
535027789,535027235,2.7789292,1.6826441,-0.15141168
535047322,535046779,-5.259868,-3.7196317,0.33202577
535068381,535067820,5.47238,13.322332,-0.3506286
535087910,535087361,10.59668,7.192336,-0.61932117
535105943,535105400,-4.4264765,-0.025854796,0.87449425
535126987,535126444,2.3807645,10.433036,0.2704299
535148035,535147489,10.197105,-2.4439752,-0.087318346
535167585,535167030,5.855914,-6.341514,0.99159944
535187114,535186571,-13.350018,5.2160196,0.0074141887
535208158,535207616,-14.057334,-8.047751,-1.0360646
535229202,535228660,10.252302,-17.467674,0.39882815
535245738,535245195,-20.193693,3.2573678,-0.10145877
535266791,535266240,-2.4179168,-13.180311,0.7557145
535287827,535287284,15.096124,1.4272026,0.3551061
535307385,535306825,17.593327,29.70025,-1.3075153
535326915,535326367,-5.151,-4.6398067,0.90698767
535347967,535347412,0.8141061,2.7313306,-0.3893371
535368999,535368456,10.779557,17.108166,-1.6339526
535385539,535384991,-4.700422,-12.593601,0.51155806
535406584,535406035,1.0619252,-4.4061384,1.0311717
535429127,535428583,-0.16715953,-4.2878375,0.5190969
535445664,535445118,-9.237855,-19.26498,0.2900673
535466711,535466163,-5.3370657,-8.796958,0.6091405
535487750,535487207,-0.5566756,-11.296871,-0.021168394
535508800,535508258,2.9709435,-20.727297,1.6128643
535528348,535527806,-0.76809204,-3.2372096,-0.46422282
535547877,535547334,-12.420137,-10.081779,-0.7010098
535567425,535566875,2.960352,-8.930913,1.2222543
535585456,535584913,5.016753,11.392538,-0.9632839
535606500,535605958,-2.8042226,7.1483355,-0.9200513
535627558,535627003,-12.969956,-4.0424514,0.8035207
535648591,535648047,-9.542884,-3.5158343,0.6572732
535668130,535667588,1.0704577,18.698397,-0.7762902
535687672,535687129,-20.783377,9.227209,0.32550076
535708716,535708174,-14.678017,-1.7327392,-0.04747237
535729775,535729219,-2.4485211,-5.655046,0.8534835
535746303,535745760,-1.6736648,10.625932,-0.43350783
535767341,535766798,-1.6038011,1.5153178,-0.468785
535788392,535787842,4.7367005,-7.4415407,-0.5930387
535807935,535807391,24.81383,-4.001117,0.48061663
535827468,535826925,22.261766,8.71311,-0.7720516
535848512,535847970,9.217301,-3.9854314,0.49450693
535869568,535869018,-3.3580506,-5.701833,-0.0136544285
535886098,535885555,13.140048,0.696034,0.4867906
535907135,535906593,12.720797,-0.95852965,0.47846323
535928180,535927638,-0.266294,-1.6509434,-0.23726638
535946219,535945676,-21.084759,-2.6950107,0.7995544
535967269,535966723,-6.442259,-1.0189077,0.84474164
535988321,535987768,7.859941,5.952025,-0.05278346
536006346,536005803,-24.883287,-2.0416672,0.852091
536025893,536025344,-22.441229,-8.030847,0.66668135
536048446,536047892,-16.821293,-3.641491,-0.24306676
536067984,536067441,-0.22481358,0.9775918,0.10081289
536086015,536085472,-5.0303392,-2.2732456,0.45738992
536107061,536106516,-0.2894744,4.016892,0.4277342
536128114,536127572,0.33828875,11.573724,0.23957904
536149147,536148605,-20.219704,8.732946,-0.61974734
536168694,536168152,-3.3220549,-12.88292,0.47174335
536188241,536187688,24.323818,2.928366,-0.27078414
536209285,536208732,0.17733604,10.929806,0.27452374
536225810,536225268,15.7228,-13.705616,0.32829723
536246864,536246312,32.32003,-3.113587,-0.3030068
536267906,536267360,20.720783,13.848854,-0.6267861
536288943,536288401,-18.151453,11.61616,-0.7675837
536308487,536307942,-12.390786,-10.633257,0.2730797
536328026,536327483,29.15003,-4.484264,0.12947774
536349073,536348528,33.515545,15.13869,-1.1798372
536365607,536365062,-4.403658,-14.845995,-0.5028879
536386649,536386107,15.113541,0.64498466,-0.1355387
536407693,536407151,20.735577,11.457751,-0.24462026
536428738,536428196,16.45134,6.1408143,-1.4823836
536448281,536447737,14.450177,-6.3281837,-0.39850888
536467821,536467278,-4.995854,14.828891,-0.34326857
536488865,536488323,-5.869952,-7.4433537,0.5355103
536506909,536506361,18.47289,3.9416711,-0.12527733
536526448,536525903,-6.888489,10.297057,-0.490547
536547491,536546947,-15.068377,-4.117471,-1.1956072
536568540,536567995,-12.018956,-15.295763,-0.4144923
536588092,536587533,3.7934234,3.9078405,-0.36767462
536607627,536607074,-0.12927821,3.654381,0.13978887
536628678,536628129,-7.287421,-10.401019,1.1627644
536646706,536646157,5.8924813,4.169329,0.22810921
536667760,536667201,5.6663613,10.135135,-0.2750844
536688798,536688245,1.0818975,-0.39051095,0.40428352
536709832,536709290,-12.018597,-0.7575412,0.8949245
536726383,536725825,13.826013,3.6171322,0.68487096
536747418,536746869,11.148597,11.037803,-0.18277943
536768456,536767914,-5.9975815,6.2323136,-0.3318371
536786513,536785961,4.7292175,-6.5821724,1.2151741
536807544,536806999,15.45921,7.7286096,-0.24155174
536828601,536828041,6.787208,4.7645073,0.35626653
536849630,536849088,-2.1021898,-5.9124722,0.53289354
536866163,536865621,5.4756308,11.841636,-1.0469615
536887217,536886668,-4.1484656,7.822116,-0.16749348
536908266,536907709,-15.430644,-5.898284,-0.31375638
536926296,536925750,7.9827623,1.6623384,-0.40787718
536948843,536948298,11.601951,8.29052,-0.2840709
536968385,536967836,-10.18492,8.610315,-0.14616738
536989434,536988881,-10.935282,-0.6741172,0.035546254
537005959,537005416,0.37582088,3.523618,-1.081195
537027003,537026461,-9.227741,7.8615446,0.4874166
537048049,537047505,-5.082058,2.3688703,0.07177814
537066088,537065545,14.823654,-4.5563807,0.02737489
537087134,537086587,2.3904216,5.055345,-0.0006661852
537106671,537106129,-12.80198,0.7245357,-1.0019702
537129219,537128676,-12.073523,-6.7375536,-0.7191702
537147272,537146714,29.833397,2.2655568,0.03662253
537169807,537169262,29.805285,11.866109,-0.4099466
537189346,537188803,-7.818578,3.6022968,-0.4953108
537205895,537205346,9.868836,-2.0301268,1.2110037
537226931,537226389,9.145013,8.056092,-0.5049575
537247970,537247428,-6.363494,6.4738584,-0.34807077
537269021,537268472,-21.008993,0.9306307,0.4624965
537287057,537286510,-5.1833167,-1.8362063,-0.12570502
537308114,537307565,2.5805504,15.971304,0.4910421
537329161,537328606,-5.911563,15.3844795,0.24467881
537345677,537345134,-2.475323,4.6498055,-0.01236826
537368235,537367682,10.026868,8.38699,-0.54347384
537387769,537387223,-2.6623888,2.5777316,-0.0834588
537408812,537408267,-6.0459337,4.5987206,-0.44239262
537426856,537426305,24.44974,-2.5429096,0.60136366
537447899,537447350,15.656971,-0.825705,-0.557274
537468937,537468394,8.300813,-6.544037,0.06260043
537485486,537484941,0.18595344,-11.99163,-0.1536118
537508018,537507477,-4.779764,-20.984488,0.25447756
537527574,537527018,12.738633,-8.538261,0.54040426
537548607,537548063,7.818088,4.7257576,-0.30261394
537566649,537566100,-26.750387,-12.091877,-0.085210234
537587688,537587145,-12.26936,-12.240254,0.090451576
537605737,537605183,16.75389,10.963097,-0.49357483
537626789,537626235,-4.718988,2.70245,0.2816636
537647815,537647272,-22.951422,-3.0284412,-0.32516694
537668859,537668317,-20.158005,-6.707364,-0.22245623
537688416,537687858,16.058779,4.089311,-0.26863512
537706448,537705903,2.22614,-6.527898,-0.46409836
537727483,537726940,-7.8748965,-3.1231413,-0.13182208
537747024,537746482,-3.9809783,3.9293036,0.28860223
537766568,537766023,11.810919,0.3449675,-0.8265219
537787621,537787068,11.225289,-4.318059,-0.096691474
537808660,537808112,3.603764,0.24450263,0.10677172
537829699,537829156,-6.47903,3.1535752,0.56510645
537846235,537845692,-2.9591055,-8.044179,0.07368365
537868800,537868258,-5.851955,-4.964496,0.71717983
537885317,537884774,-4.032821,11.877134,0.2840067
537906366,537905824,-1.279126,16.845003,-0.6740102
537927412,537926863,-0.966167,4.963872,-0.66706663
537948450,537947907,-3.620879,-4.410176,0.4802708
537969495,537968952,7.7984805,-0.31806976,-0.28332675
537986036,537985487,-5.674063,-2.7828794,-1.4104394
538008582,538008038,-8.022315,-9.948606,-0.6284353
538025112,538024569,8.752555,10.508185,-0.41641128
538046164,538045618,-4.8041058,0.8386018,-0.9254162
538067201,538066659,-6.270462,-11.680652,-0.08808779
538088253,538087703,-6.153759,-2.7626278,-0.066073425
538107786,538107244,5.532253,-12.333621,-0.2655887
538127331,538126785,2.3587315,0.63028055,0.6866557
538148382,538147830,-9.457376,8.244865,0.081322744
538167925,538167377,-3.4544063,-14.7202015,-0.559024
538185952,538185410,5.378115,19.980612,-0.5575923
538207002,538206454,-12.682565,2.6516786,-0.22528204
538228041,538227498,-7.666658,-11.394632,0.52866715
538247599,538247040,18.458422,11.523549,0.28239495
538267123,538266581,-8.909121,4.628094,-1.319075
538288168,538287626,-7.6117005,-13.111317,0.20346141
538306206,538305663,10.6381,3.8890903,-0.011893605
538325750,538325205,-1.0087923,-6.300582,0.99311465
538346792,538346249,-5.498425,4.136321,-1.1699321
538367836,538367293,-10.504805,-1.8699821,-0.061311938
538385874,538385332,11.694903,0.16818176,0.6948639
538406930,538406382,10.063594,13.15721,0.45891902
538427963,538427421,-10.000814,5.9742613,0.4324692
538449011,538448465,-12.615587,-11.825775,0.20564908
538465547,538465000,-7.9236174,11.042562,-0.29619798
538486590,538486045,-27.847954,3.3102117,1.0230592
538509143,538508592,-24.014893,-0.073486075,0.6250465
538525673,538525127,13.33064,10.203717,0.50062233
538546714,538546171,-8.580883,5.5406303,0.41529667
538567759,538567216,-14.071062,-8.771684,0.40390968
538588803,538588261,-4.2473593,-3.5779796,-0.547849
538608344,538607802,7.1486597,9.142049,0.3809734
538627892,538627343,-6.5616503,-13.32837,-0.51546526
538648931,538648389,-2.280208,-12.98733,0.9377238
538665465,538664922,3.098193,-4.25586,0.18889876
538686510,538685967,1.0001178,-10.969324,0.60891134
538707566,538707012,-7.692692,1.3887508,-0.07455223
538728600,538728056,-4.21625,-14.29281,-0.13089254
538748147,538747597,18.449345,-7.5078764,0.26042944
538767689,538767138,-15.887978,9.363413,-0.20662697
538788739,538788183,-28.37965,-11.831589,-0.8171449
538809781,538809227,-22.653028,-9.264578,0.7587648
538826306,538825763,13.997234,10.960725,1.094688
538847356,538846807,-13.62723,1.3819985,0.056686
538868403,538867855,-18.86332,-2.0067573,-0.6652589
538886438,538885889,13.313862,15.441515,-0.67614436
538907479,538906934,-3.3141148,7.794539,0.07515439
538928521,538927978,-4.839953,-7.088488,0.6344587
538949567,538949023,11.939484,-5.7324204,0.51365566
538966101,538965558,-13.718185,6.044087,-0.64302063
538987149,538986604,-13.314114,-1.3495729,0.30706695
539008190,539007647,10.441271,-5.771046,-2.0857334
539027737,539027191,6.232109,3.338708,0.3496168
539047275,539046729,-11.242089,1.3745453,0.15271747
539068323,539067774,-7.352497,-6.00561,-0.19372748
539086363,539085818,-5.4004626,1.5318687,-0.22931857
539105912,539105361,3.531286,-2.3320923,-0.22515936
539126941,539126398,15.016691,-5.640136,0.033085093
539147985,539147442,9.209067,-7.976931,-0.41369322
539166027,539165480,-7.868638,3.0587406,-0.4970454
539187077,539186524,4.2132096,-2.9569976,-0.47783345
539208112,539207569,12.354451,-2.0287945,-0.16874714
539229156,539228613,4.3476133,3.1766295,-0.26286203
539248701,539248158,-0.23555405,10.272079,-0.3452006
539268249,539267696,0.3445726,10.6438265,-1.0690755
539289314,539288740,-1.5275711,1.3485206,-0.96777344
539307321,539306779,7.3653994,-1.9340348,-0.0008826045
539326863,539326320,8.398988,6.6838803,-0.62039304
539347923,539347364,-8.678102,2.773248,-0.6272817
539368955,539368409,-24.206144,-5.758984,0.30806255
539386991,539386447,17.534624,4.587661,0.2775697
539408035,539407492,22.325964,11.231693,0.21281874
539429081,539428538,9.7332735,10.942278,-0.7806972
539445617,539445071,-3.2999086,-8.189755,0.56534535
539466666,539466115,18.808676,-1.7635746,1.4553387
539487705,539487160,26.594097,1.6207056,1.6024486
539505747,539505205,-10.239292,-5.8645926,-0.7517283
539526785,539526242,-10.632993,-2.139887,-0.54306954
539547836,539547289,-3.7932765,3.0814357,-0.45250523
539568876,539568331,-0.15748806,5.214302,0.15758376
539586928,539586383,-1.4244289,-3.3801208,0.25624907
539606453,539605910,13.482851,2.563547,-0.68439883
539627508,539626965,24.687445,7.618931,0.40476325
539648553,539647999,24.961552,9.6749935,1.0107665
539666582,539666037,-21.237354,3.9471743,-0.15144806
539687633,539687082,-28.72652,-1.8700888,0.19460654
539708668,539708126,-17.083199,-11.394894,0.74583703
539726707,539726165,26.133091,-1.598451,0.47934
539747762,539747209,16.047375,3.394066,1.1273075
539768809,539768254,-1.8222089,6.1029744,0.5836645
539785336,539784788,-15.342612,-11.914488,0.6643967
539806382,539805833,3.7308786,-3.919211,0.12081156
539827426,539826877,22.105268,0.39125288,0.21322228
539848470,539847922,22.000238,8.587136,-0.40725586
539866529,539865972,-24.029789,-1.1652961,0.62666166
539889060,539888507,-16.835443,-1.9545653,0.5319657
539908593,539908049,1.3450247,-9.177804,0.11232219
539929635,539929093,18.41018,-0.2580861,-0.25685513
539947673,539947131,5.8127675,8.996085,-0.37339935
539967229,539966672,-8.345208,-6.1811423,0.119072765
539988269,539987717,-8.254818,-3.6005168,0.38311997
540006322,540005765,7.419697,12.451054,-0.4189376
540027343,540026801,2.310297,7.5266356,-0.47414842
540048393,540047844,-5.0034924,-3.6129558,-0.1701605
540069441,540068891,-5.4828105,-4.3171883,0.28100833
540087475,540086927,0.5636674,7.1524096,0.1943379
540107011,540106468,-7.8805013,-9.070947,-0.10649451
540128067,540127512,-9.445226,-8.695715,1.0974256
540146093,540145550,8.674496,1.5714194,-0.41760004
540167144,540166595,8.58311,-0.5365185,-0.24905197
540185175,540184633,-15.497483,1.3176023,-0.3778188
540206237,540205677,-5.229939,-0.47003588,0.21603045
540227278,540226724,15.134088,-13.505463,-0.33702675
540248312,540247766,33.535206,-4.294732,-0.6216624
540269353,540268810,9.676903,15.002201,0.9690604
540285901,540285346,1.3460588,-4.706014,0.8006922
540308449,540307893,5.5998554,2.4414515,-1.2713352
540326481,540325931,15.927384,1.7862986,-0.037307557
540349038,540348479,6.998863,-3.8735926,-0.3647463
540367066,540366521,-8.905082,9.750012,-1.816203
540388115,540387573,3.2333379,-5.7169,-0.12432249
540409156,540408606,16.68417,-5.0635543,-2.1400635
540425683,540425141,-14.975248,-0.6553382,-0.6191798
540448257,540447706,-17.539322,-2.886882,0.9237821
540467772,540467229,-2.3515,-7.8755965,0.18407327
540488816,540488274,-1.4365989,2.3716962,-0.07867706
540506859,540506317,-20.098886,1.4253942,-0.9479281
540527903,540527356,-4.452853,-1.0131537,-0.4934399
540548960,540548401,10.209332,0.9831019,-0.16933013
540565491,540564946,-14.344803,-2.5006955,0.74687326
540588037,540587484,3.1494472,-2.1744645,-0.3316658
540607582,540607025,-0.1619714,4.9648514,-1.1451335
540628622,540628069,-18.521606,-3.4871955,-1.0586843
540646656,540646113,-7.3010445,-10.519998,1.5055908
540667694,540667152,17.179874,1.2640027,0.8301632
540685743,540685190,-13.069867,4.5169115,-0.8348788
540706787,540706234,-20.031471,-2.4614213,-0.8436847
540727821,540727279,3.5088863,-8.522731,0.88190734
540748881,540748323,18.1439,-3.1245854,0.47603872
540768413,540767864,0.67592835,10.70797,-0.1794757
540786447,540785903,-12.986187,-1.3400941,0.30792043
540807490,540806947,13.694774,-5.3718214,0.07748105
540827033,540826488,22.921911,1.9674761,-0.050614003
540846574,540846029,-14.525353,4.346136,0.5093111
540867630,540867075,-15.29002,2.283708,-0.51186514
540888666,540888118,-6.1324353,-0.38900116,0.0333314
540909705,540909163,-2.8545818,0.46504644,-0.14111514
540926254,540925698,2.4506319,3.00377,0.14684024
540948789,540948247,4.1465793,4.4517884,-0.78587127
540965323,540964780,0.81318533,0.8867125,0.12758118
540986368,540985824,0.36673605,-0.26574802,-0.48730734
541007419,541006870,-4.321711,-2.0466821,-0.20639418
541028457,541027913,-7.2905574,-4.7827654,-0.0430288
541049501,541048958,8.802386,-4.7371097,1.0235499
541067563,541066996,15.910349,8.146148,-0.16532776
541088586,541088040,4.6763654,3.0120587,-0.6599137
541106623,541106078,-3.1519997,-7.5427756,-0.24957259
541126162,541125619,24.549934,0.5625691,0.28330263
541147214,541146672,19.972818,0.058898367,-1.2065617
541168263,541167708,15.113045,-3.266135,-0.77351195
541187793,541187250,0.36159986,-5.423685,-0.71856624
541207335,541206791,-7.4070697,1.0776411,-0.4604081
541228389,541227840,-5.8901625,1.313216,-0.3909052
541249431,541248880,2.2167494,0.6118236,-0.34870827
541265963,541265415,-6.6113324,1.4292809,-0.83381474
541287014,541286472,-8.558653,1.4131975,-0.5493309
541308046,541307503,2.7059379,-0.072596416,0.38767228
541326086,541325543,5.7877135,10.436908,0.8975828
541347129,541346586,-18.15412,6.936157,-0.04619984
541368175,541367633,-27.685356,1.1664013,0.51827353
541389217,541388675,-11.308669,-10.2139,1.7106788
541405752,541405209,0.3909724,5.8956685,-0.56740224
541426804,541426261,-19.97911,2.7983036,0.72632015
541447841,541447298,-23.567347,0.46595183,0.81178755
541465885,541465336,10.177303,1.3788605,-0.73111105
541486936,541486387,5.51632,-0.9889434,-0.5279186
541507985,541507425,-6.2248287,-5.05481,0.36418527
541529020,541528470,-9.479278,-9.708042,0.65949506
541545549,541545004,0.6710834,5.689574,-1.3185613
541566593,541566049,-3.7966454,5.7667174,-0.7336079
541587635,541587093,-4.524932,3.7467296,0.24204661
541605674,541605132,2.4983284,2.1563234,0.22644906
541626722,541626179,-8.024065,8.516179,-0.38755408
541647762,541647220,-17.043724,-1.1431265,-0.22117138
541668807,541668265,-9.129395,-10.865689,0.65296996
541688357,541687806,21.679106,-0.98583376,0.34941292
541707897,541707347,-2.9648504,2.4427094,-0.002764863
541728940,541728392,-12.308529,2.459585,-0.54995555
541745469,541744927,12.087654,1.5271478,0.3969569
541766513,541765971,-4.738467,5.319407,-0.08778789
541787570,541787015,-23.182451,0.43799356,-0.9211379
541808615,541808060,-15.305948,-10.3290615,0.90937454
541826640,541826098,17.954418,0.5540843,0.29192406
541847691,541847142,-1.8877076,4.75361,-1.175566
541868746,541868193,-9.111224,2.6873393,0.60969293
541889784,541889231,-5.569684,-0.90272224,1.0187331
541906308,541905766,-1.8728496,0.86710614,-0.13407755
541927366,541926810,-15.399561,1.165658,0.50643224
541948403,541947854,-15.8529215,-6.184084,1.0156419
541967946,541967396,9.107265,-5.431799,0.02560757
541987480,541986937,1.1033812,6.983806,0.10014228
542008525,542007982,-9.590825,7.0112433,0.07478393
542029570,542029026,-7.232022,0.06879106,0.79634947
542046107,542045561,7.5039186,-2.8429322,0.2006231
542067148,542066605,-6.0312023,-0.853583,-0.105271295
542088192,542087650,-5.1431465,-3.52464,-0.24007636
542107732,542107191,12.839546,-2.8325186,0.28095457
542127282,542126732,12.21385,15.240527,-0.048810005
542148319,542147776,-10.606082,9.509763,-0.7449725
542166364,542165815,4.6423774,-6.0831733,-0.679866
542185903,542185356,21.33786,10.531881,-1.7106194
542206944,542206400,-4.5060315,16.223965,-1.361385
542227988,542227445,-16.550993,5.008918,0.31127444
542246028,542245483,1.8660301,-7.74063,-0.53447676
542267070,542266527,5.5391374,-4.1252136,-0.17687403
542288115,542287573,-6.8327103,-3.175536,-0.0007112191
542309164,542308616,-14.113236,-9.196131,0.5419281
542327196,542326654,9.379155,3.5066159,-0.25151128
542348252,542347698,9.268354,6.288505,-0.056308754
542369297,542368743,-4.360167,1.1796036,0.7692217
542388831,542388284,-15.346423,-6.1308184,0.05113439
542408381,542407831,13.594422,-0.35657638,-0.7832957
542429428,542428870,11.150102,-1.4581596,0.3910285
542448968,542448415,4.0988784,7.6552916,0.32998347
542466992,542466449,3.0041308,0.06786225,0.81631017
542488044,542487497,-2.572199,0.93275493,0.46033183
542509088,542508540,-6.460697,-4.8882895,1.0990794
542528621,542528079,-7.3931055,1.3178179,-0.47059464
542546659,542546117,8.204883,4.937026,0.5911249
542567707,542567165,-8.042955,3.0809724,0.47949094
542588775,542588221,-22.436266,-8.414653,0.48842272
542606794,542606244,13.398926,-0.8038236,-0.17101814
542629350,542628793,16.99797,-1.6081407,-1.8974494
542650384,542649836,13.028315,4.6376467,-0.29576072
542668427,542667874,-22.507298,-10.562927,-0.7656684
542687969,542687425,8.139839,-0.22027172,-0.86884075
542707499,542706956,0.94233775,9.715712,-0.11923412
542728545,542728001,-15.446247,3.385975,1.651566
542746583,542746039,1.3342968,3.2421956,-2.3460133
542767634,542767083,9.690573,1.2469431,-0.59507126
542790173,542789631,3.5657487,5.164533,1.1587696
542808211,542807669,-10.592842,4.585935,-0.4161616
542827767,542827210,21.534086,-9.948645,-0.6256712
542848812,542848265,23.479715,5.3722453,1.4409076
542869842,542869299,6.788623,2.358351,0.16485518
542889388,542888840,-2.9532974,-9.151834,-1.0415771
542907432,542906878,8.808649,-0.876824,1.2542355
542928467,542927923,7.4987955,-4.4730806,0.023555651
542946505,542945963,-1.7735144,2.221612,1.0757532
542967560,542967005,-12.477058,1.0741345,0.8599993
542988593,542988049,-9.805982,-1.4266672,0.88198227
543009636,543009094,7.020911,-9.223669,0.6432266
543030681,543030138,12.666746,6.0165033,-1.1917324
543047215,543046673,-13.07146,-8.0452385,-1.8468499
543068267,543067718,7.7423925,-6.109777,1.3507526
543086299,543085756,-12.331611,15.397761,-0.45283902
543107347,543106800,-12.546919,-9.136929,0.15871523
543128393,543127844,8.122063,-9.708505,0.38210112
543146434,543145883,-1.5354054,2.4530766,-1.312206
543165967,543165424,-5.3735933,-17.994787,0.14405413
543187011,543186468,10.606555,-3.138448,0.95289993
543208057,543207513,11.579886,13.570644,-2.8824377
543226107,543225555,-11.879881,-12.700502,3.665406
543248645,543248098,-9.226092,-1.974803,0.99715513
543268193,543267640,8.204849,4.6930146,-0.4468731
543290730,543290187,9.863838,-3.5793638,-0.7717296
543307275,543306722,-3.273064,8.270318,-0.11932861
543328313,543327767,5.6713333,-4.808687,-0.3374723
543349353,543348811,0.88495183,-7.200973,-0.18906009
543365895,543365346,-0.74797744,-8.481646,-0.6858796
543389939,543389396,-10.066166,-9.356265,-0.7417738
543407977,543407434,12.865165,5.6435394,1.9278489
543429021,543428479,1.2047893,6.561294,-1.8535149
543447069,543446517,-4.9769745,-12.554866,0.12042992
543468119,543467573,14.653707,6.028223,-0.75813794
543489154,543488606,10.891741,3.1033325,-1.213124
543507186,543506644,-10.060944,1.0804691,1.2570956
543531247,543530694,-9.563678,0.45432952,0.9080539
543547771,543547229,1.5683705,-6.621697,-0.32098413
543568823,543568274,-1.7166543,1.3301225,0.87742776
543586854,543586312,-5.201674,1.2354826,-1.5078474
543607909,543607356,6.263143,-12.368112,0.35120776
543628943,543628401,16.306257,11.663216,-0.8581183
543648500,543647945,-10.682209,-0.33446932,-0.54878545
543666523,543665980,21.855982,2.8769548,-0.41497636
543687591,543687024,24.75419,7.7160645,-1.4724855
543708611,543708069,11.246786,2.4699407,-1.79169
543726655,543726112,-0.43496197,0.78354603,2.4531965
543747694,543747151,-5.037682,-3.228562,-1.3912249
543768738,543768196,3.4627929,-2.0257566,-0.37522218
543786786,543786233,0.8214399,6.930525,1.7997223
543807829,543807278,-12.892158,4.0213227,-1.1474001
543828865,543828322,-22.477835,-8.801589,-0.20229633
543849915,543849367,6.822749,-8.313288,-0.69322103
543867947,543867405,2.199825,9.18757,-0.26104283
543885985,543885443,-12.225297,-13.688846,0.59795743
543910036,543909494,-22.39722,-11.59314,-0.07470438
543926576,543926029,15.035748,9.139699,1.1735983
543947632,543947073,-2.6900253,3.3296518,0.47118762
543968671,543968117,-6.188211,-4.566986,-0.41966522
543991217,543990668,5.6610246,-5.88129,0.1563162
544007753,544007200,12.759083,6.046131,-0.04178575
544030293,544029750,6.307656,5.676549,-1.20057
544045322,544044779,1.2408388,15.127396,-0.7426762
544066366,544065823,-5.9665775,-5.0849657,-0.32523057
544087417,544086868,-3.5050805,-14.450833,-0.21861443
544109961,544109416,4.0259767,-8.759269,-0.09531765
544129499,544128956,14.424698,11.409192,0.06365722
544147541,544146995,-18.689213,-11.659701,-0.24404086
544167081,544166538,4.045215,-2.3233106,0.7479906
544188123,544187581,5.50144,11.769655,0.08693041
544206162,544205619,-16.574278,-5.0903273,0.15235442
544227223,544226663,-4.4548855,-8.685061,-0.8114651
544248267,544247718,4.33602,-0.3800479,-0.19185777
544270803,544270255,11.407471,4.3664317,-0.58946556
544287332,544286789,-5.6714935,-8.231972,0.424976
544308386,544307834,6.491694,-7.541271,-0.7081802
544327924,544327382,10.835075,3.341505,0.30470592
544345963,544345414,-1.9192873,-3.33592,0.11216779
544368503,544367961,-3.2163844,-5.1841974,0.22530839
544386546,544385999,6.8644633,4.739191,-0.6126161
544406088,544405545,-3.119497,-0.28073353,0.5689792
544427128,544426585,1.0951617,2.210432,-0.22180885
544448172,544447629,-0.4724703,3.4370897,-0.6211214
544469217,544468674,-9.05713,-4.7845974,0.8770058
544485751,544485208,22.121086,7.204264,0.026841506
544508304,544507756,20.51536,8.044848,-0.4149434
544526337,544525794,-21.336521,-2.8349605,0.80590427
544545881,544545335,19.183727,-5.575684,-1.9779222
544566929,544566386,25.002699,-1.8805962,-0.56673837
544587973,544587427,16.416813,3.3535264,0.36448458
544609011,544608469,-2.8716068,2.3796222,-0.3818248
544625556,544625003,18.43884,-2.360851,-0.6386584
544648104,544647561,13.884959,-0.6031334,-0.2241378
544667647,544667095,-5.755311,-8.037265,-0.20177795
544685673,544685130,8.638697,11.141134,-0.58722156
544706717,544706175,-4.4403653,7.998632,1.1817155
544729265,544728722,-5.178288,0.46412256,0.9230317
544747305,544746760,-7.602288,-2.891458,-0.72649735
544766844,544766302,-13.822168,-9.1909,1.6835382
544786402,544785853,11.204043,12.966545,-1.3934095
544807435,544806887,5.660029,-6.313736,2.736991
544825475,544824925,-11.306993,-1.8416848,-1.7086316
544848018,544847473,-13.2241745,-8.053716,1.339428
544870574,544870023,-8.761322,-9.641241,1.1516451
544887101,544886555,2.097443,-1.0127528,3.1648235
544908143,544907601,-8.858387,9.855072,-2.6081343
544927692,544927141,-7.021326,-6.6286297,1.2686336
544948739,544948186,5.997589,-10.693974,3.2979112
544968268,544967726,8.330584,14.327648,-1.0233088
544986306,544985764,-1.3280089,-1.0216506,-1.3233325
545008854,545008312,3.2162986,-4.277969,0.3055029
545028402,545027853,-5.6171613,-1.9448023,-2.072389
545046446,545045898,1.9456964,-2.0621946,-0.057755858
545067481,545066936,0.83278406,-15.005066,1.5244068
545088524,545087982,-3.6105254,6.3163505,-2.3284595
545108086,545107521,-7.1431575,-5.5150566,2.9477355
545126102,545125560,-1.4880172,1.8965492,0.74241465
545147154,545146604,-17.158587,-12.905549,0.74927145
545168202,545167649,-6.673471,12.118783,-3.7919507
545186238,545185696,-3.0768962,-5.482369,0.5910008
545207274,545206731,0.09465003,15.582991,-0.98636764
545229821,545229278,3.1229222,-3.3141768,2.24249
545247859,545247316,-1.6202089,-1.0456376,-1.7320284
545265911,545265354,-3.6397889,3.1665075,0.52825856
545286952,545286409,4.9893622,15.350712,-1.8343434
545307990,545307444,0.05191089,-5.732776,1.2490544
545326025,545325482,5.9043097,4.9064064,-1.5028441
545347069,545346526,3.814572,7.0293283,0.22763851
545369615,545369073,0.54087764,4.2379208,2.7050242
545387653,545387111,-2.983278,0.5387975,-0.17407903
545407195,545406653,5.5567617,-1.6598958,-0.09719115
545428250,545427697,7.7804174,9.05145,-1.1420842
545449294,545448742,4.0738854,0.98351693,1.3887763
545468825,545468283,-13.563418,-4.252645,-1.3134853
545486863,545486320,7.7118893,-3.3092682,1.5674158
545507914,545507365,7.3464074,0.14933395,0.5376124
545528960,545528417,5.273974,9.852899,-1.4759947
545548493,545547951,-12.615781,-11.66117,0.4459255
545568041,545567492,1.7992432,0.9041265,-1.6008425
545586075,545585530,-4.9377565,2.0445244,2.1797295
545608627,545608085,-5.800753,10.4923115,-2.0208178
545626659,545626116,3.9885638,-8.001713,0.91177714
545647703,545647160,3.2495787,0.73821616,0.954976
545668748,545668205,3.4774997,16.710953,-1.9179933
545688295,545687753,-6.6249495,-6.0450406,1.6551125
545709332,545708790,-4.2484384,-12.089329,0.22825988
545730383,545729834,2.023123,-2.7612875,-0.8125823
545748420,545747872,5.646138,3.7024398,-0.4053565
545766460,545765911,-7.374053,-5.993874,0.88976747
545787509,545786961,-4.3445077,-3.7047238,0.09439892
545808547,545808000,9.35195,12.119009,-2.7343917
545831103,545830550,11.626719,5.5641656,-0.5918412
545849127,545848585,-12.081577,-1.7983886,-1.1822131
545868688,545868126,11.000981,2.110324,-0.021405332
545886715,545886166,-1.8907752,1.182371,-0.7561816
545909258,545908712,2.249972,8.406342,-2.06193
545928806,545928253,-1.8893832,-6.5860467,1.1513816
545949840,545949297,0.59882104,-0.4323363,0.97160584
545969387,545968838,-1.9123517,4.5142293,-0.96140295
545987430,545986876,0.19988742,-4.3456764,0.19835782
546008481,546007933,10.19161,10.627592,-0.25569218
546026502,546025959,-10.964835,-18.895119,0.018204164
546047559,546047004,6.673602,-7.6698327,-0.15751658
546068592,546068048,-0.11014354,8.561861,0.5016326
546088133,546087589,-7.8810897,-12.781784,-0.20461068
546110686,546110137,0.53049034,-16.627703,-0.7082057
546127214,546126672,-0.6123146,5.5645185,-0.31626603
546148262,546147720,-2.4865947,-3.8706782,-0.019558493
546166312,546165762,-6.689925,4.8768888,0.8385595
546187341,546186799,1.6465724,4.782095,-0.8612936
546208391,546207843,1.0971023,2.7492018,-1.137259
546226430,546225881,-2.8065798,4.110598,-0.5490029
546247469,546246925,9.905644,10.828202,-1.4591309
546267010,546266467,-3.8155665,7.2500935,1.3112373
546288061,546287511,-5.664845,5.5893593,-1.2351941
546306098,546305552,3.993434,-0.76840067,2.70776
546330142,546329599,-1.5985854,1.1896225,1.2029402
546348185,546347638,1.2595425,2.051831,-0.21203116
546369224,546368682,-4.0921016,-4.189972,-0.28762454
546387298,546386735,1.3332818,7.581346,-0.28576064
546408319,546407765,3.628276,3.923559,-1.4155686
546429379,546428809,-5.924676,-9.903252,1.7975109
546447396,546446847,4.8426566,4.4431477,-0.54135656
546469937,546469395,8.50296,3.732069,-0.2186928
546487975,546487433,-8.136029,-0.8228915,-0.020635353
546509019,546508477,2.37294,-0.58268636,-1.696141
546527063,546526515,-6.999528,1.5245184,1.1865704
546548130,546547573,-3.3881316,6.057975,-1.1388996
546569152,546568604,0.14296184,-7.7395415,0.18212496
546587187,546586642,1.9867204,2.8872688,0.15707114
546608235,546607686,3.1062272,15.288143,-0.21060365
546627783,546627228,-6.7512703,-2.2699811,-0.15158816
546648824,546648282,-4.944017,-11.921178,1.0638715
546666854,546666310,8.787875,14.905726,-1.1415555
546686403,546685851,-6.176313,-11.96148,1.479361
546710448,546709902,-10.182516,-11.297641,0.8675424
546726979,546726437,14.485085,9.886982,0.16833577
546748038,546747481,1.4850389,2.1562276,0.8735843
546767578,546767022,-0.41811746,1.0441812,-0.70514554
546788609,546788067,9.178924,-0.03765957,-0.96441853
546808150,546807608,0.30276075,1.6291159,0.881809
546826189,546825646,1.917638,0.15833053,0.50604695
546845741,546845187,-3.9692252,-3.1800153,0.42663473
546866791,546866232,1.0951275,6.0836444,-0.05382858
546887822,546887276,9.798429,16.451214,-1.3925455
546905865,546905314,-13.466951,-10.195977,1.2029463
546929916,546929365,-7.3436255,-6.4707193,0.39885202
546947945,546947403,13.183203,5.6775556,-1.2320781
546970507,546969958,12.548831,0.7071929,-0.13900344
546988531,546987989,-4.969304,-1.9681691,-0.68125606
547006574,547006027,7.3389955,-3.0073225,1.3652571
547027627,547027071,-2.748382,-2.0930378,1.2856073
547048658,547048115,-3.6270428,-3.1910484,-0.86228013
547069702,547069159,-4.952955,-9.154347,-0.5796118
547087750,547087197,-6.1833167,-7.249779,0.937946
547108789,547108247,-7.2712827,-8.559576,-0.195451
547128326,547127784,-7.4828463,-8.056294,-0.38654944
547146364,547145821,-5.9604206,-5.3280196,0.78819424
547167416,547166867,-3.1042955,1.9113477,-1.3611116
547186949,547186407,-8.697112,-5.43406,0.2578852
547209504,547208954,-12.2088175,-8.244216,0.5464114
547227542,547226993,6.525953,3.4992323,-0.22178318
547248584,547248037,6.9629455,7.859096,-0.33504182
547268132,547267578,-9.945268,-13.150472,0.245101
547286159,547285617,19.638905,16.951452,-0.46436685
547310210,547309667,18.874235,13.096589,0.40606406
547326744,547326202,-7.761927,-7.729689,0.26069432
547346296,547345743,16.026945,10.25492,-0.7943954
547367331,547366788,8.527845,15.657964,-0.08600064
547388391,547387835,-3.7833903,-1.0391481,2.0194223
547407936,547407379,7.2128835,13.270116,-1.9232146
547425955,547425412,-4.9074736,-4.522981,1.8810228
547450005,547449462,-0.6281754,0.75483793,-0.29020357
547466541,547465997,-5.932969,-5.1428022,1.2857467
547486091,547485540,-1.407931,-2.3492107,0.60118145
547507132,547506590,11.138033,13.290111,-1.5400484
547528177,547527634,5.224958,1.8043014,0.600396
547549214,547548671,-9.434513,-3.203304,-0.26641613
547565766,547565206,11.439399,-3.4097235,0.60834503
547586793,547586251,-7.310055,3.2752943,1.6579133
547607844,547607295,2.4542325,5.870809,-1.373957
547625877,547625333,-0.6249819,-2.9172146,0.94112486
547646937,547646384,3.4489362,12.709288,-1.2346087
547667973,547667422,2.183068,4.978034,-0.6608813
547689010,547688466,-6.8059645,-2.6785278,1.2246197
547705546,547705001,5.503022,11.481219,-1.6475761
547726593,547726046,4.1743937,-0.3296665,0.18344583
547747634,547747090,-12.278967,-0.40314227,1.9197794
547765671,547765128,7.1759243,-5.122453,1.4803159
547786715,547786172,-0.06458075,8.405461,0.12239166
547807771,547807229,1.802065,6.9539,-1.1056658
547828804,547828261,-4.6980577,-11.012397,-0.6019183
547848353,547847803,0.10055393,-2.6710863,1.030823
547866393,547865841,4.3895535,5.337682,-1.776687
547887433,547886885,-4.4903536,-8.518178,0.41796964
547906970,547906426,-1.1577628,7.971653,-1.4026936
547926523,547925967,6.0498495,-2.2117615,0.46668038
547947585,547947024,-9.131106,0.13829477,0.6580089
547968601,547968056,-3.7867641,-2.1660073,-1.9277465
547986637,547986094,3.9576578,3.524463,1.7741668
548007682,548007138,0.92594755,7.6693435,-0.89261585
548028737,548028183,-0.19735952,-9.220942,0.49961355
548046785,548046235,2.334979,10.845935,-0.21150462
548066305,548065762,-1.2927105,-3.4085639,-0.5255313
548087349,548086807,-4.2938633,-12.978248,-0.1129643
548108402,548107851,-7.2729373,-6.6041484,1.0280195
548126438,548125889,10.341689,4.6400323,-0.3300077
548147476,548146934,-4.698258,-9.732695,1.48217
548168527,548167978,-12.328747,0.012487286,-0.3055874
548189567,548189023,8.108379,9.522625,-2.5154018
548206100,548205557,-10.246992,2.2741044,-0.8268334
548227144,548226601,6.187342,-2.4957194,-0.023580518
548248199,548247646,3.1267166,-2.9415343,1.8688293
548266227,548265684,3.666927,7.8042855,-2.1421711
548287271,548286728,-0.908626,-10.948336,1.1533185
548308321,548307776,1.9382207,5.2687783,-0.61944383
548326354,548325811,-2.7733824,-2.5778484,-0.071662895
548347410,548346855,-1.239973,-12.103828,-0.25725535
548366939,548366397,2.4703166,5.9725757,0.71808124
548387994,548387441,4.7727275,7.0686097,-1.39349
548407527,548406985,1.6629158,-10.160589,0.28855065
548427072,548426523,-2.0438554,5.4218993,-0.15815432
548448111,548447569,6.9378076,2.1109104,-1.2072111
548469155,548468612,-1.193315,-12.102764,0.59885013
548487193,548486650,1.0317339,5.4221506,-0.7494386
548508248,548507695,8.184949,2.439155,-1.0327364
548529300,548528739,2.433277,-3.335216,0.069777414
548547335,548546787,-0.8713672,5.1701303,-0.54646766
548566861,548566318,6.4977193,-3.9692843,0.37446484
548587918,548587363,-4.5041504,-1.2973471,0.9492622
548608950,548608407,-7.8174787,-0.75996256,-0.4180308
548626998,548626452,11.321654,5.8496304,-0.6033347
548648040,548647490,-2.3547986,6.4680357,-0.12975508
548669081,548668534,-5.528641,-8.302116,0.03591211
548685617,548685069,10.710503,7.7376757,-1.6479241
548706656,548706113,-2.57226,-7.3581376,0.15686798
548727705,548727159,-4.696587,-9.176952,1.6428018
548748744,548748202,1.6100967,-1.7909058,1.1814913
548768286,548767744,5.101068,7.8284087,-1.363452
548787827,548787284,-6.2052655,-7.878115,0.24792376
548808871,548808329,-5.8144608,-3.5103717,0.04716897
548826923,548826367,7.9701543,4.442169,-0.9358046
548847954,548847412,-8.528442,-12.473062,2.2573683
548867507,548866954,-2.727636,3.8434565,-0.4824132
548888542,548887997,14.365332,4.9379544,-0.5013202
548908094,548907540,-2.6766024,2.1322348,1.2315398
548927634,548927079,-9.934417,-3.44357,-0.663147
548948666,548948124,6.269839,-10.303309,1.0828575
548966714,548966162,-8.313643,11.344312,0.18054725
548987759,548987206,-19.226212,-10.351467,-0.11057277
549008820,549008251,-1.1034654,-11.499637,-0.3381979
549029847,549029304,5.330272,1.7963095,0.09732212
549047876,549047333,-4.500506,3.8739963,0.9047839
549067424,549066874,-0.15655798,-1.1847128,-0.71584773
549088470,549087919,4.5813336,4.725021,-0.5590564
549106499,549105957,-2.545099,-2.5292492,1.4081093
549127560,549127001,9.378186,11.966018,-1.9910748
549148593,549148045,-2.9619675,-3.6481771,-0.039485205
549169632,549169090,-7.455307,-14.814977,2.152792
549186167,549185625,7.1214523,6.977244,-0.19224377
549207212,549206669,-7.114526,-5.535799,0.48425102
549228256,549227714,-13.323807,-2.3615363,-0.62129295
549246298,549245752,10.819507,-1.4144114,1.3056908
549268843,549268299,3.650386,6.443651,1.7723675
549288402,549287847,-7.8206406,-5.0518155,0.71765894
549309435,549308885,-4.9081364,-12.637292,-0.45634857
549325963,549325420,-8.345514,2.895014,-0.14269264
549347007,549346464,-10.820128,-6.8077946,-0.06845242
549368078,549367508,-3.3447235,-7.1620646,-0.79080015
549386102,549385560,2.408838,1.2706337,0.4717996
549408648,549408094,-4.6086683,-7.9881225,2.4894001
549425175,549424629,1.0782528,-5.057122,-1.0978955
549446220,549445673,-5.8704934,-10.084649,0.7163692
549467284,549466718,1.7473385,7.48659,-1.3235878
549488314,549487762,11.159241,-4.4342003,0.050821755
549509353,549508807,8.419431,8.982683,1.2560916
549525891,549525342,-4.4979463,-15.078222,1.9799198
549548450,549547896,2.6174054,4.0626297,-0.5148476
549567979,549567430,8.966797,9.909416,0.5314717
549589019,549588477,-15.432309,-9.846971,0.5988977
549607064,549606513,9.09378,-4.5048876,-1.4695483
549628110,549627568,6.7883906,0.036602564,2.2991493
549649144,549648601,0.13054311,14.458497,-2.2453792
549665686,549665137,12.884178,-1.3405607,-1.4091849
549688227,549687684,9.2564535,4.077673,-1.1095458
549706264,549705722,-12.121118,-6.7279825,0.78273094
549728814,549728270,1.2129875,14.473689,-1.6677526
549746850,549746308,-5.4250846,-9.9921,2.4404087
549767908,549767352,7.9709616,17.31285,-2.5680766
549788942,549788400,-1.7590637,-14.403507,1.0447584
549805476,549804931,-1.9687064,-1.1163427,-0.39898896
549826518,549825975,-10.874801,-10.363808,0.60938334
549847575,549847020,22.308601,19.719131,-3.5747643
549868630,549868066,-4.138559,-8.986205,3.6789606
549886655,549886110,-1.8456143,-8.670893,-1.8900224
549907694,549907147,2.7963753,-2.893475,1.354552
549925751,549925185,-8.365414,-4.139553,1.3903788
549946783,549946229,-2.913838,2.7406857,-10.968852
549967821,549967278,8.182175,-0.03491439,-7.6101546
549988863,549988318,-1.5419992,-9.224849,1.5369494
550008407,550007859,2.5916114,8.170299,1.9827008
550026450,550025902,-0.5405477,-10.618367,7.2124352
550047484,550046942,7.165375,16.590565,-0.13289776
550065523,550064980,-9.964377,-21.018465,4.7147617
550086571,550086024,5.2745357,13.408268,-1.9797282
550107621,550107069,-8.086427,-9.89453,5.5850177
550128663,550128117,-0.19149065,9.395558,-2.486333
550149705,550149157,-4.6942215,-18.733923,2.81363
550166244,550165698,1.2545627,-1.30142,-0.4430818
550187280,550186737,-5.4394875,3.4055562,-0.1622894
550205324,550204782,-10.720899,-20.880146,6.278049
550226362,550225819,13.398738,31.811308,-7.27348
550247411,550246864,-18.568932,-23.308619,5.5757227
550268456,550267908,5.0301347,2.555829,-0.621204
550289495,550288952,5.5893703,15.438916,-0.24605367
550306040,550305487,-14.099159,-18.125257,3.1881256
550327077,550326531,16.185926,15.089697,-6.7775025
550348130,550347578,-2.8820477,-1.6853565,0.21401547
550366157,550365614,-10.481387,1.8887433,3.8007782
550387204,550386658,10.486836,-17.379837,-0.8669821
550408252,550407703,11.194283,27.599459,-3.5835886
550427791,550427244,-15.057917,-23.290897,5.2231274
550447328,550446785,11.674832,-1.5254363,2.7903786
550468386,550467837,4.5601764,10.608005,-6.6108437
550486427,550485868,-0.3557623,13.279288,1.6871786
550505952,550505409,-3.1749074,-13.826518,5.600634
550526996,550526453,3.3780072,-5.238076,-2.3652368
550548050,550547505,-2.034346,22.143232,-2.591184
550566080,550565538,-6.4266095,-18.69043,5.5996127
550587125,550586580,0.12690601,-0.15602937,-0.9031814
550608171,550607625,0.25122368,18.62804,0.57980484
550629211,550628669,-10.187168,-21.496176,5.101842
550645747,550645204,-6.633592,-19.426636,5.447043
550666797,550666248,4.8022246,16.443333,-5.3735943
550687836,550687292,-6.350778,-18.952597,5.8437014
550707390,550706834,3.3787308,-0.59702176,-1.1320889
550726924,550726381,-1.477366,19.086164,-4.1134567
550747962,550747419,-8.4541235,-18.233986,5.9921865
550769007,550768464,-0.5679442,8.770801,-3.8274043
550785551,550784999,-10.800406,3.5837526,1.8812106
550806597,550806046,3.6690059,-0.38668764,1.217599
550827634,550827087,0.16584437,12.403717,-1.0211922
550845668,550845125,-14.825542,-16.616974,3.1966906
550866720,550866170,14.621904,18.46623,-7.2009263
550887757,550887214,8.556397,-16.449533,6.235445
550908801,550908258,8.000033,16.027279,-2.4569597
550926839,550926296,-2.4547882,-1.6971391,0.07822768
550947883,550947341,5.7828913,1.6074957,-2.6278439
550967430,550966882,-8.048082,-4.8198137,1.6536163
550986966,550986423,-0.663678,-8.591458,2.8163903
551006507,551005965,3.3491294,16.28486,-0.51055527
551027564,551027009,-6.9793324,-6.232008,4.277732
551048598,551048053,-6.0014224,9.047123,1.569921
551066642,551066092,-9.658263,-21.901455,4.481503
551087678,551087136,13.471338,12.2336855,-1.1918563
551108741,551108184,-1.788226,0.2151414,0.9316971
551125257,551124715,13.110039,13.978201,-2.878818
551146305,551145760,-8.626551,-14.294708,1.7215779
551167347,551166804,8.067279,14.67083,-2.2344418
551188397,551187848,-2.2189877,-1.1624215,1.4118925
551206434,551205886,4.958011,7.7306147,-1.9676992
551227473,551226930,12.448407,-10.97413,1.3042755
551248525,551247975,14.715872,18.94262,3.4117355
551266558,551266013,-0.39475688,-13.797645,2.8558152
551286103,551285557,12.95288,18.136127,-0.60221034
551307144,551306599,-10.696975,-17.409082,1.9918581
551328193,551327643,-8.48266,1.3329527,-2.1905122
551347732,551347184,-6.312277,-7.7799907,1.7065102
551367268,551366725,-5.9382772,8.865312,-3.2753665
551388312,551387770,-5.452299,-4.7005477,1.2036148
551406361,551405819,0.40601727,19.62337,-2.7508273
551425899,551425349,3.5903115,-15.845228,3.2568736
551448448,551447896,-3.416251,-9.198798,-0.4484159
551467981,551467438,6.867726,4.061376,-0.92131376
551487537,551486987,-2.226416,-14.355371,-0.93138206
551507063,551506520,14.378792,13.021047,-3.0974207
551528122,551527569,-4.9630804,-8.082169,0.8039711
551549151,551548609,1.7912685,-1.1913896,-2.8320763
551568699,551568150,8.900807,16.973543,-1.5153953
551588245,551587691,-3.9655552,-12.595496,2.1072803
551609288,551608736,6.5645623,19.391954,-3.6072109
551625813,551625270,-7.489829,-5.785615,-1.9118637
551646864,551646315,-0.38385937,4.5500164,-3.6215065
551667918,551667369,-7.491655,-1.2161442,0.22681174
551688947,551688404,-3.6313384,-4.466606,-0.92832154
551708488,551707945,5.0136495,-1.6817269,-2.1196394
551728030,551727486,-4.7157016,-2.154078,0.68737286
551749075,551748530,7.2834992,9.081914,-0.71811736
551765618,551765069,-2.156111,-5.8392525,2.9685953
551786656,551786110,10.637422,15.400623,-1.7129836
551807696,551807154,4.459962,-1.6316397,-0.4784729
551828742,551828198,-6.369838,0.0359274,1.1912642
551848284,551847740,-9.119795,-2.8940954,-0.27302423
551867830,551867281,-4.279242,11.98407,0.04191502
551888874,551888325,-7.292194,-2.25135,-1.8580608
551906910,551906363,0.5885686,-3.0799847,-0.6090721
551926452,551925904,8.761344,17.320078,-1.7961257
551947492,551946949,-7.5862103,-12.582162,0.9092459
551968538,551967993,-4.918136,-0.10986566,-0.8917548
551988108,551987565,21.461767,-12.748668,1.056547
552007632,552007076,3.3509953,9.238774,-1.6469539
552028663,552028120,-8.049704,-11.413135,1.0592613
552046707,552046158,10.668342,5.569521,-2.4729412
552067760,552067202,6.9361677,-16.039478,1.6942785
552088803,552088247,-0.47129628,8.814419,1.8408617
552109839,552109291,8.532367,2.3201442,1.6513282
552126369,552125826,-8.9245205,0.7966399,-0.18991598
552147419,552146870,-1.2647021,0.39002112,0.057082154
552168465,552167915,-2.853998,2.5641227,0.8371352
552186502,552185953,-18.77411,-9.182398,1.2021528
552207544,552206997,-10.432974,-7.2551093,1.8631883
552228598,552228042,2.6420872,8.376752,0.066336274
552249628,552249086,-0.06475313,7.882362,0.5395452
552266164,552265621,-3.4049366,7.415256,0.35725105
552287208,552286665,-9.292756,-17.398268,1.569887
552308258,552307710,17.05103,17.569885,-1.8484701
552326302,552325756,-3.3254974,-15.047406,4.8937144
552348843,552348295,5.8524294,10.797557,-1.7157835
552365379,552364830,-3.8774743,5.323046,0.64518774
552389436,552388881,41.580357,-1.2740372,-4.9382825
552405959,552405416,-8.827528,-34.481,9.588344
552427012,552426460,-15.146548,11.836826,-18.264765
552448050,552447506,-23.041677,-7.8978314,-9.690006
552466089,552465545,-7.208897,21.85087,-3.0731673
552487130,552486587,-11.061752,-16.941994,-1.0466021
552506682,552506132,13.279233,5.3333693,-4.06564
552529219,552528676,-16.497961,4.0052915,0.33279046
552547273,552546714,8.620117,-1.8092088,-0.0039183376
552568312,552567758,-7.9676695,-1.7663667,1.7712567
552589346,552588802,0.8105376,0.23030782,-0.21697384
552605880,552605337,5.9684925,-5.905084,-1.4217831
552626940,552626391,-0.35517052,-3.8632507,1.9239887
552647977,552647426,-4.082661,5.8292494,0.43454766
552669015,552668473,8.497171,-26.453363,2.760238
552687056,552686509,14.819728,-30.455359,2.9084961
552708106,552707563,-6.9929643,36.409756,-5.540457
552729141,552728597,12.103135,-30.458809,4.238487
552745680,552745135,24.25105,-47.226486,4.4035416
552766719,552766176,21.252598,-7.3951344,-2.8510287
552787763,552787221,15.060588,-8.215372,7.5124044
552808807,552808265,-32.0918,-9.193776,11.575475
552826866,552826311,-38.841625,8.1716385,-1.6397096
552847901,552847347,-0.85174114,25.418612,-5.0053687
552868940,552868392,-31.734777,0.4636512,0.93690646
552885477,552884927,-18.791977,9.394664,1.8277733
552908017,552907474,8.95077,-9.69268,-3.0262725
552927574,552927016,-3.3469043,21.321827,-7.412744
552948621,552948078,2.9760692,-44.057335,6.437924
552966641,552966098,9.813948,-64.321945,4.1192327
552987685,552987142,-3.355058,38.759953,-8.377089
553005723,553005180,-16.38115,58.54797,-3.4661317
553026778,553026225,16.3077,-1.1491,-1.6277552
553047817,553047269,10.1722555,-8.562567,-2.622367
553068856,553068313,4.5400076,-9.187458,2.338841
553088409,553087855,1.4050378,-3.619887,5.0158644
553106440,553105892,-2.312829,0.5389972,5.229365
553127480,553126937,-8.683301,15.076373,-3.5983233
553145525,553144982,-4.6950755,23.400139,-7.4923744
553166567,553166019,11.103834,-4.589269,-0.7711535
553187625,553187065,8.7334385,-38.17481,9.373631
553208653,553208108,-7.692064,-2.5104542,1.9984518
553229695,553229152,-6.9453864,27.068316,-5.2408566
553246230,553245687,0.18575431,12.182033,-5.764889
553267274,553266731,-4.3138556,8.029191,1.037551
553285316,553284769,2.90135,5.2364945,4.5471597
553306356,553305814,-1.3514879,-7.7148356,8.098686
553327419,553326858,-10.031443,-4.346317,-0.6002939
553348448,553347902,-9.393611,11.347503,-7.491819
553369489,553368947,-4.171284,20.854902,-5.9695263
553386038,553385489,-11.250808,15.347117,-4.934756
553408580,553408029,-6.726205,11.033019,-2.1992013
553428116,553427573,-11.509437,8.422538,1.1219201
553446151,553445608,-5.432218,1.8746312,3.130454
553467196,553466653,-3.7523015,-9.823177,2.5452585
553488240,553487697,-7.4688296,-13.925563,1.1434971
553507788,553507242,1.4071529,-8.56692,0.17034882
553527330,553526779,7.5921845,-5.4365854,0.4573877
553548385,553547837,2.1214647,2.9189143,-0.80691046
553566428,553565874,-0.18488833,-1.1044937,1.024645
553585946,553585403,2.7635221,3.8830547,1.334747
553606998,553606456,3.9031622,7.634453,1.9410125
553628035,553627492,2.8302999,4.945243,2.612378
553646077,553645530,-0.15300371,8.1747875,1.2684808
553667117,553666574,-4.4617496,3.4713833,1.0965352
553688163,553687618,-8.894714,-5.7176967,0.8298495
553706198,553705656,-6.0485682,-7.575952,0.5622012
553725746,553725198,4.603886,-9.323067,0.73874444
553746798,553746248,6.909819,-15.428421,0.87718076
553767835,553767286,7.0751305,-8.636753,-0.58285123
553785867,553785324,4.063572,-10.802828,-0.7882444
553806917,553806368,2.9898226,-3.04173,-2.3550813
553827972,553827429,3.057539,6.504871,-3.862695
553849000,553848457,9.009743,16.617731,-3.7266273
553865540,553864992,-12.8077965,7.0515976,-6.2417364
553886581,553886036,-7.7729,8.80406,-3.4088583
553909134,553908584,2.430764,4.783,1.845853
553925676,553925119,-4.673103,9.41073,1.2278913
553946713,553946166,-0.030988626,2.5763767,4.9493623
553967750,553967207,3.8667836,1.9266546,7.03395
553988797,553988251,3.0858011,-0.30637962,6.8229074
554006832,554006289,-0.5503072,7.1947074,4.82358
554027879,554027334,-2.4428506,2.2953935,3.9915345
554048926,554048384,6.5029287,-2.563768,2.2213912
554065456,554064913,-2.9320378,7.314816,-0.9293814
554086500,554085957,-2.842596,3.5693543,0.120437056
554107557,554107002,0.48773152,4.3594337,1.070488
554128590,554128046,-11.313843,3.2998583,-0.024529364
554148135,554147590,-0.47796667,-5.657744,-3.958691
554167674,554167128,17.480139,-7.7816725,-3.8956468
554188714,554188173,-6.6674685,-3.1186085,-3.0502331
554205250,554204707,0.020657625,0.5157127,1.5447881
554226295,554225752,-5.071739,-10.489001,3.7193506
554247338,554246796,11.072216,-12.162288,3.2996633
554268391,554267840,33.361664,2.2851667,2.6193259
554287930,554287388,-11.590877,12.110358,-0.16582106
554307470,554306922,-5.337457,11.520477,-4.8495493
554328510,554327967,8.837383,0.20439197,-1.4191941
554349556,554349011,-13.679991,-3.3827803,-0.23889503
554366091,554365548,20.310213,-14.58608,5.4106946
554387138,554386590,8.818961,0.85601985,5.380582
554408177,554407635,0.9944182,14.876441,-0.066834666
554427723,554427180,-11.58105,-13.587376,-1.8254772
554447267,554446717,16.565874,4.583906,-3.072209
554468304,554467762,0.3605661,-1.358498,1.0096475
554486342,554485799,-0.2578881,8.130517,1.5432284
554505888,554505340,-11.485104,2.849974,-0.649048
554526931,554526388,12.963603,-7.140117,-4.8223886
554547972,554547429,26.662004,-2.982987,0.104794316
554566010,554565467,-13.78509,-0.63107777,2.4281223
554587062,554586517,12.852544,-6.3421826,3.4353664
554608108,554607566,-33.02373,13.658921,-3.7419343
554626142,554625593,44.012783,-9.643869,1.2561092
554648700,554648156,4.593572,3.9860816,4.201801
554668237,554667684,-15.9723835,-11.382223,2.9239666
554689279,554688726,13.119669,1.4320319,2.2863934
554707307,554706764,-9.10745,-7.327316,-7.004006
554726848,554726305,14.733327,14.828011,0.5295572
554747902,554747350,-17.072258,-9.607444,5.5298986
554768940,554768394,3.1361988,-1.3369873,4.2896266
554788478,554787935,-5.2631283,-3.6811957,-5.391955
554808019,554807476,6.8097034,1.1692939,-2.312597
554829063,554828520,-10.578302,1.5824167,3.4694388
554845599,554845055,6.7856545,7.865804,0.41118395
554866642,554866100,-2.5040069,-7.4831357,-5.746458
554887688,554887144,0.9456729,-7.0957894,-0.5630386
554908730,554908188,-22.45979,-3.1495817,2.6903567
554928275,554927729,23.05754,14.052613,1.4019893
554946310,554945767,-1.0915056,-6.181979,-5.0479465
554968862,554968315,12.765269,-10.829152,-0.24099915
554985404,554984849,1.1804606,4.3233204,1.5815631
555006443,555005894,10.707286,12.260465,-0.22647823
555027481,555026938,-7.553122,1.2190237,-6.558307
555048528,555047982,6.8892646,-13.423607,1.6026746
555066565,555066020,-0.033071812,0.06640345,1.2812597
555087626,555087064,-2.6553,3.6923378,2.2748778
555108651,555108109,0.55393183,10.046402,-8.034901
555126690,555126147,-7.6306276,-6.063811,4.9195323
555147751,555147191,5.4083056,6.86222,2.1370485
555168796,555168235,-0.16838767,1.6105025,1.3518655
555189822,555189280,-9.1097145,-3.4106786,-5.2087965
555207867,555207318,-2.1941562,4.200284,2.1503568
555227415,555226859,9.44107,-1.1596756,2.787452
555248459,555247911,-1.3031214,9.244489,-0.84700423
555266492,555265949,4.0889516,-6.6073,-2.7413206
555287539,555286985,8.5259905,12.659597,0.08388849
555308581,555308030,2.6100159,-1.3351922,4.899526
555329616,555329074,-5.1636662,7.9644527,-0.9458586
555346151,555345609,0.32725433,-0.56028354,-0.9119022
555367201,555366653,2.518328,3.911083,0.7685083
555388240,555387698,5.6484694,15.374708,1.9801179
555406290,555405737,-4.3067374,-12.009971,-3.3861575
555428825,555428283,9.738512,-4.912098,-2.021618
555445360,555444818,11.974898,14.519568,1.4127657
555469416,555468868,17.713911,25.016449,-0.25459644
555487458,555486914,-13.485273,-12.777474,-2.1122108
555506990,555506447,13.723992,-4.356799,0.47167763
555528034,555527492,-15.192737,-3.8471107,5.602994
555546083,555545537,0.6541717,1.87498,-1.4097133
555567117,555566574,-5.403187,-10.195783,-2.544997
555588164,555587619,7.966056,1.6531421,0.6526904
555609205,555608663,-2.4534736,-6.6038017,5.0885553
555627254,555626700,-4.0323234,11.00489,-4.8977737
555648298,555647745,17.234976,0.83970517,-4.9198623
555669337,555668789,-8.771913,-6.963124,4.241031
555685866,555685324,-7.817312,-11.15627,4.080886
555708419,555707871,-23.040043,10.867859,-2.1267223
555727964,555727412,26.993288,1.1528034,-4.361742
555749002,555748457,-8.495899,-3.267428,4.627197
555767039,555766496,10.189481,1.5904163,2.106843
555788095,555787541,-14.43631,-2.9168167,-2.4439125
555809126,555808583,11.33863,5.6284227,-3.2257397
555825661,555825118,-10.970809,-19.175703,5.467933
555846705,555846162,7.738405,19.033371,-1.786476
555867749,555867206,-9.635049,-15.0766535,-2.3686209
555888811,555888258,6.681791,11.76022,-1.2870408
555906847,555906293,-8.94804,-25.684998,7.000345
555927892,555927337,1.6047803,24.764935,-3.4237516
555948935,555948385,1.7481499,-16.256632,-2.0423408
555965478,555964917,8.725173,-7.175997,0.06080674
555988014,555987466,-4.7808924,-8.020944,4.2002053
556007566,556007002,9.1737175,6.1982846,-5.186244
556028603,556028048,-10.830941,-3.5184906,2.0433714
556046637,556046088,12.770787,8.825995,-0.5024558
556067677,556067129,-5.395164,-7.031935,-0.5331868
556085718,556085170,-6.024682,-10.567526,3.1335387
556106769,556106211,-0.19552004,8.504221,-1.903529
556127825,556127257,4.9628983,0.04024697,1.8793929
556148853,556148299,-5.829724,-11.499015,0.85818833
556168407,556167844,-0.59757775,8.24954,-2.4781318
556186435,556185882,-1.9430583,-6.763414,-0.52284247
556207476,556206923,-1.1838869,9.019994,-0.74657863
556225509,556224961,3.5589557,-0.91767716,2.6252832
556246557,556246005,-2.780027,-1.6023177,0.46739888
556267611,556267051,-7.9296165,0.24520238,1.2202181
556288643,556288094,3.2515874,-0.17375329,-4.9095035
556309695,556309148,1.9106944,1.3916993,2.899509
556326228,556325679,3.0563078,-0.17997763,-4.166583
556348795,556348222,-1.7325754,3.9864454,3.679114
556366813,556366260,3.4813569,0.86669266,-2.5811307
556386361,556385806,-1.7084124,4.716157,1.5613223
556407412,556406859,0.83235216,0.8420604,-2.3327868
556428444,556427888,-0.8147923,2.167336,0.5528513
556449489,556448933,1.4259655,1.3578098,-1.0734351
556466021,556465470,5.302982,0.17721887,-1.2905003
556488581,556488029,0.88270676,4.170214,3.8720753
556506608,556506056,5.369228,1.6160401,-4.1875086
556526141,556525594,-6.5556426,-3.868,3.4623086
556547189,556546641,0.12632567,-3.3000126,-2.5000618
556568235,556567688,-2.8327074,-1.3064559,1.6966462
556586278,556585720,-0.24176726,0.6507943,3.4582348
556607323,556606764,2.444649,0.65313834,-3.988228
556628370,556627811,-3.8810952,-0.6074719,1.4540709
556646404,556645850,3.5923762,1.8611366,-0.5009534
556665945,556665390,0.075695656,-1.7176487,-1.6802503
556686982,556686435,-2.7965941,1.9704249,4.3866224
556708024,556707477,1.2273445,-3.9550073,-3.7190323
556726064,556725514,-1.8953465,0.37889764,-1.1448345
556747106,556746558,2.5521307,1.7393245,4.2822366
556768154,556767605,0.63541746,-0.1646253,-4.218693
556789210,556788647,-4.023929,-0.04230979,1.469682
556805740,556805185,3.5951893,0.1237085,2.8850613
556826778,556826228,-0.86138356,-0.8692833,-3.077317
556847818,556847270,-3.1970515,0.4296317,1.2791986
556865856,556865308,3.282726,1.0360024,1.0885789
