timestamp,roll_body,pitch_body,yaw_body,yaw_sp_move_rate,q_d[0],q_d[1],q_d[2],q_d[3],thrust_body[0],thrust_body[1],thrust_body[2],roll_reset_integral,pitch_reset_integral,yaw_reset_integral,fw_control_yaw,apply_flaps
523239403,0.0,0.0,0.25777423,0.0,0.99170554,0.0,0.0,0.12853056,0.0,0.0,-0.001,0,0,0,0,0
523297861,0.0,0.0,0.25773013,0.0,0.9917084,0.0,0.0,0.12850872,0.0,0.0,-0.001,0,0,0,0,0
523347698,0.0,0.0,0.25762883,0.0,0.9917149,0.0,0.0,0.12845847,0.0,0.0,-0.001,0,0,0,0,0
523397153,0.0,0.0,0.25769022,0.0,0.99171096,0.0,0.0,0.12848894,0.0,0.0,-0.001,0,0,0,0,0
523446459,0.0,0.0,0.2576054,0.0,0.9917164,0.0,0.0,0.12844686,0.0,0.0,-0.001,0,0,0,0,0
523496467,0.0,0.0,0.25761154,0.0,0.99171597,0.0,0.0,0.1284499,0.0,0.0,-0.001,0,0,0,0,0
523546059,0.0,0.0,0.2576876,0.0,0.99171114,0.0,0.0,0.1284876,0.0,0.0,-0.001,0,0,0,0,0
523595884,0.0,0.0,0.25749794,0.0,0.9917233,0.0,0.0,0.12839356,0.0,0.0,-0.001,0,0,0,0,0
523644926,0.0,0.0,0.25737,0.0,0.99173146,0.0,0.0,0.12833014,0.0,0.0,-0.001,0,0,0,0,0
523694508,0.0,0.0,0.25744155,0.0,0.99172693,0.0,0.0,0.1283656,0.0,0.0,-0.001,0,0,0,0,0
523744179,0.0,0.0,0.2572337,0.0,0.9917403,0.0,0.0,0.12826256,0.0,0.0,-0.001,0,0,0,0,0
523793697,0.0,0.0,0.25715744,0.0,0.9917451,0.0,0.0,0.12822473,0.0,0.0,-0.001,0,0,0,0,0
523847931,0.0,0.0,0.25730297,0.0,0.9917358,0.0,0.0,0.1282969,0.0,0.0,-0.001,0,0,0,0,0
523892937,0.0,0.0,0.25732237,0.0,0.99173456,0.0,0.0,0.12830651,0.0,0.0,-0.001,0,0,0,0,0
523947066,0.0,0.0,0.2572571,0.0,0.99173874,0.0,0.0,0.12827416,0.0,0.0,-0.001,0,0,0,0,0
523996960,0.0,0.0,0.25755525,0.0,0.99171966,0.0,0.0,0.12842199,0.0,0.0,-0.001,0,0,0,0,0
524046597,0.0,0.0,0.25735924,0.0,0.99173224,0.0,0.0,0.12832479,0.0,0.0,-0.001,0,0,0,0,0
524096180,0.0,0.0,0.2576754,0.0,0.9917119,0.0,0.0,0.12848157,0.0,0.0,-0.001,0,0,0,0,0
524145630,0.0,0.0,0.25718287,0.0,0.9917435,0.0,0.0,0.12823734,0.0,0.0,-0.001,0,0,0,0,0
524195356,0.0,0.0,0.25810313,0.0,0.9916844,0.0,0.0,0.12869364,0.0,0.0,-0.001,0,0,0,0,0
524244697,0.0,0.0,0.2571566,0.0,0.9917452,0.0,0.0,0.12822433,0.0,0.0,-0.001,0,0,0,0,0
524294219,0.0,0.0,0.25767764,0.0,0.9917118,0.0,0.0,0.12848268,0.0,0.0,-0.001,0,0,0,0,0
524343885,0.0,0.0,0.2571794,0.0,0.99174374,0.0,0.0,0.12823562,0.0,0.0,-0.001,0,0,0,0,0
524384881,0.0,0.0,0.25692263,0.0,0.9917602,0.0,0.0,0.12810831,0.0,0.0,-0.001,0,0,0,0,0
524443251,0.0,0.0,0.25746098,0.0,0.9917257,0.0,0.0,0.12837523,0.0,0.0,-0.001,0,0,0,0,0
524497546,0.0,0.0,0.25739312,0.0,0.99173003,0.0,0.0,0.12834159,0.0,0.0,-0.001,0,0,0,0,0
524546769,0.0,0.0,0.25708476,0.0,0.9917498,0.0,0.0,0.12818868,0.0,0.0,-0.001,0,0,0,0,0
524596707,0.0,0.0,0.2574892,0.0,0.99172384,0.0,0.0,0.12838924,0.0,0.0,-0.001,0,0,0,0,0
524646186,0.0,0.0,0.25719926,0.0,0.9917425,0.0,0.0,0.12824546,0.0,0.0,-0.001,0,0,0,0,0
524695944,0.0,0.0,0.25657538,0.0,0.9917824,0.0,0.0,0.12793608,0.0,0.0,-0.001,0,0,0,0,0
524745543,0.0,0.0,0.25679484,0.0,0.9917684,0.0,0.0,0.12804493,0.0,0.0,-0.001,0,0,0,0,0
524794777,0.0,0.0,0.2570743,0.0,0.9917505,0.0,0.0,0.12818351,0.0,0.0,-0.001,0,0,0,0,0
524844434,0.0,0.0,0.25664595,0.0,0.9917779,0.0,0.0,0.1279711,0.0,0.0,-0.001,0,0,0,0,0
524893991,0.0,0.0,0.2560825,0.0,0.99181396,0.0,0.0,0.12769169,0.0,0.0,-0.001,0,0,0,0,0
524943933,0.0,0.0,0.25645816,0.0,0.99178994,0.0,0.0,0.12787797,0.0,0.0,-0.001,0,0,0,0,0
524993230,0.0,0.0,0.2569625,0.0,0.99175763,0.0,0.0,0.12812807,0.0,0.0,-0.001,0,0,0,0,0
525047444,0.0,0.0,0.25689283,0.0,0.9917621,0.0,0.0,0.12809351,0.0,0.0,-0.001,0,0,0,0,0
525097113,0.0,0.0,0.25679892,0.0,0.9917681,0.0,0.0,0.12804694,0.0,0.0,-0.001,0,0,0,0,0
525146550,0.0,0.0,0.25623015,0.0,0.9918045,0.0,0.0,0.1277649,0.0,0.0,-0.001,0,0,0,0,0
525196504,0.0,0.0,0.2561165,0.0,0.99181175,0.0,0.0,0.12770852,0.0,0.0,-0.001,0,0,0,0,0
525245969,0.0,0.0,0.25651562,0.0,0.99178624,0.0,0.0,0.12790647,0.0,0.0,-0.001,0,0,0,0,0
525295859,0.0,0.0,0.2565708,0.0,0.9917827,0.0,0.0,0.12793382,0.0,0.0,-0.001,0,0,0,0,0
525344986,0.0,0.0,0.25608137,0.0,0.991814,0.0,0.0,0.12769113,0.0,0.0,-0.001,0,0,0,0,0
525394726,0.0,0.0,0.2558179,0.0,0.9918308,0.0,0.0,0.12756045,0.0,0.0,-0.001,0,0,0,0,0
525444331,0.0,0.0,0.25605547,0.0,0.9918157,0.0,0.0,0.12767828,0.0,0.0,-0.001,0,0,0,0,0
525493849,0.0,0.0,0.2561956,0.0,0.9918067,0.0,0.0,0.12774776,0.0,0.0,-0.001,0,0,0,0,0
525548121,0.0,0.0,0.25597158,0.0,0.991821,0.0,0.0,0.12763666,0.0,0.0,-0.001,0,0,0,0,0
525597676,0.0,0.0,0.25587654,0.0,0.9918271,0.0,0.0,0.12758954,0.0,0.0,-0.001,0,0,0,0,0
525647222,0.0,0.0,0.25543565,0.0,0.9918552,0.0,0.0,0.1273709,0.0,0.0,-0.001,0,0,0,0,0
525696962,0.0,0.0,0.2551415,0.0,0.99187386,0.0,0.0,0.12722501,0.0,0.0,-0.001,0,0,0,0,0
525746556,0.0,0.0,0.2554658,0.0,0.99185324,0.0,0.0,0.12738584,0.0,0.0,-0.001,0,0,0,0,0
525796327,0.0,0.0,0.25593153,0.0,0.99182355,0.0,0.0,0.1276168,0.0,0.0,-0.001,0,0,0,0,0
525845946,0.0,0.0,0.2557286,0.0,0.9918365,0.0,0.0,0.12751618,0.0,0.0,-0.001,0,0,0,0,0
525895314,0.0,0.0,0.2550225,0.0,0.99188143,0.0,0.0,0.127166,0.0,0.0,-0.001,0,0,0,0,0
525944780,0.0,0.0,0.25455517,0.0,0.9919111,0.0,0.0,0.12693423,0.0,0.0,-0.001,0,0,0,0,0
525994363,0.0,0.0,0.2547572,0.0,0.9918983,0.0,0.0,0.12703443,0.0,0.0,-0.001,0,0,0,0,0
526044279,0.0,0.0,0.25530097,0.0,0.9918637,0.0,0.0,0.1273041,0.0,0.0,-0.001,0,0,0,0,0
526093568,0.0,0.0,0.25566167,0.0,0.9918408,0.0,0.0,0.127483,0.0,0.0,-0.001,0,0,0,0,0
526138865,0.0,0.0,0.25445834,0.0,0.99191725,0.0,0.0,0.1268862,0.0,0.0,-0.001,0,0,0,0,0
526197392,0.0,0.0,0.2552009,0.0,0.9918701,0.0,0.0,0.12725446,0.0,0.0,-0.001,0,0,0,0,0
526247126,0.0,0.0,0.25461861,0.0,0.9919071,0.0,0.0,0.12696569,0.0,0.0,-0.001,0,0,0,0,0
526297137,0.0,0.0,0.25425655,0.0,0.99193007,0.0,0.0,0.12678613,0.0,0.0,-0.001,0,0,0,0,0
526346692,0.0,0.0,0.25469548,0.0,0.99190223,0.0,0.0,0.1270038,0.0,0.0,-0.001,0,0,0,0,0
526396064,0.0,0.0,0.25509503,0.0,0.99187684,0.0,0.0,0.12720197,0.0,0.0,-0.001,0,0,0,0,0
526445351,0.0,0.0,0.2549692,0.0,0.9918849,0.0,0.0,0.12713957,0.0,0.0,-0.001,0,0,0,0,0
526494923,0.0,0.0,0.25411865,0.0,0.9919388,0.0,0.0,0.12671773,0.0,0.0,-0.001,0,0,0,0,0
526544586,0.0,0.0,0.2539771,0.0,0.99194777,0.0,0.0,0.12664752,0.0,0.0,-0.001,0,0,0,0,0
526594181,0.0,0.0,0.25398383,0.0,0.99194735,0.0,0.0,0.12665085,0.0,0.0,-0.001,0,0,0,0,0
526643887,0.0,0.0,0.25427392,0.0,0.991929,0.0,0.0,0.12679473,0.0,0.0,-0.001,0,0,0,0,0
526697977,0.0,0.0,0.25388387,0.0,0.99195373,0.0,0.0,0.1266013,0.0,0.0,-0.001,0,0,0,0,0
526747686,0.0,0.0,0.25417298,0.0,0.9919354,0.0,0.0,0.12674469,0.0,0.0,-0.001,0,0,0,0,0
526797567,0.0,0.0,0.2542907,0.0,0.9919279,0.0,0.0,0.12680307,0.0,0.0,-0.001,0,0,0,0,0
526846878,0.0,0.0,0.25393793,0.0,0.9919503,0.0,0.0,0.1266281,0.0,0.0,-0.001,0,0,0,0,0
526896779,0.0,0.0,0.2535016,0.0,0.9919779,0.0,0.0,0.12641168,0.0,0.0,-0.001,0,0,0,0,0
526946071,0.0,0.0,0.25353992,0.0,0.9919754,0.0,0.0,0.1264307,0.0,0.0,-0.001,0,0,0,0,0
526995835,0.0,0.0,0.25364906,0.0,0.9919686,0.0,0.0,0.12648484,0.0,0.0,-0.001,0,0,0,0,0
527045135,0.0,0.0,0.25321087,0.0,0.9919962,0.0,0.0,0.12626748,0.0,0.0,-0.001,0,0,0,0,0
527094759,0.0,0.0,0.253079,0.0,0.9920046,0.0,0.0,0.12620206,0.0,0.0,-0.001,0,0,0,0,0
527144286,0.0,0.0,0.253343,0.0,0.99198794,0.0,0.0,0.12633301,0.0,0.0,-0.001,0,0,0,0,0
527194056,0.0,0.0,0.25373012,0.0,0.9919634,0.0,0.0,0.12652501,0.0,0.0,-0.001,0,0,0,0,0
527248253,0.0,0.0,0.253294,0.0,0.991991,0.0,0.0,0.12630872,0.0,0.0,-0.001,0,0,0,0,0
527297782,-0.040191643,0.012592663,0.25330603,0.0,0.9917543,-0.020728273,0.0037064205,0.12641217,0.0,0.0,-0.001,0,0,0,0,0
527347584,-0.027743835,0.026156262,0.2532543,0.0,0.99179035,-0.015410653,0.011220138,0.12644605,0.0,0.0,-0.009611252,0,0,0,0,0
527397230,-0.0136012705,0.019016506,0.25325432,0.0,0.9919176,-0.00794657,0.008572963,0.12634455,0.0,0.0,-0.014015434,0,0,0,0,0
527446674,-0.014462948,0.011877714,0.2532543,0.0,0.9919446,-0.007923374,0.0049778866,0.12632608,0.0,0.0,-0.022354055,0,0,0,0,0
527496495,-0.014738254,0.00047496182,0.2532543,0.0,0.9919663,-0.0073400503,-0.0006950583,0.12628733,0.0,0.0,-0.036980376,0,0,0,0,0
527545653,-0.022383718,-0.002447176,0.2532543,0.0,0.9919324,-0.010947493,-0.0026270933,0.12626743,0.0,0.0,-0.05004153,0,0,0,0,0
527595232,-0.020052342,-0.0032037473,0.2532543,0.0,0.99194443,-0.009743429,-0.0028551403,0.12626657,0.0,0.0,-0.058676388,0,0,0,0,0
527645045,-0.014878448,-0.0012948441,0.2532543,0.0,0.9919665,-0.007297832,-0.0015817042,0.12628074,0.0,0.0,-0.067483865,0,0,0,0,0
527694620,-0.013471226,0.00082503835,0.25325432,0.0,0.99197054,-0.006733728,-0.00044142044,0.12628892,0.0,0.0,-0.0756464,0,0,0,0,0
527744156,-0.012562302,0.0019286057,0.25325426,0.0,0.9919727,-0.0063525955,0.00016332832,0.12629247,0.0,0.0,-0.08318736,0,0,0,0,0
527793688,-0.008103348,0.002047651,0.25325432,0.0,0.9919843,-0.004148518,0.0005039394,0.12629205,0.0,0.0,-0.09367073,0,0,0,0,0
527848167,0.0021401886,-0.005139468,0.25325432,0.0,0.9919893,0.0013860515,-0.002414014,0.12629129,0.0,0.0,-0.10336646,0,0,0,0,0
527897797,-0.00017504771,0.002203847,0.2532543,0.0,0.9919929,-0.00022598384,0.0010820474,0.12628904,0.0,0.0,-0.11987562,0,0,0,0,0
527947368,-0.004527636,0.00035178874,0.25325426,0.0,0.99199086,-0.002267904,-0.000111409485,0.12628908,0.0,0.0,-0.11917202,0,0,0,0,0
527996962,-0.0071625873,0.0009546044,0.2532543,0.0,0.9919868,-0.0036128892,2.1200587e-05,0.12628992,0.0,0.0,-0.14044686,0,0,0,0,0
528046400,-0.007782484,0.00076656276,0.2532543,0.0,0.99198574,-0.0039084805,-0.00011121011,0.12628955,0.0,0.0,-0.15463911,0,0,0,0,0
528095958,-0.00644141,0.00033530197,0.2532543,0.0,0.9919883,-0.003216085,-0.00024043117,0.12628889,0.0,0.0,-0.16680622,0,0,0,0,0
528145590,-0.0022921148,0.001920136,0.2532543,0.0,0.99199224,-0.0012581266,0.000807646,0.12628998,0.0,0.0,-0.18070823,0,0,0,0,0
528195022,0.0015180667,0.00044594854,0.2532543,0.0,0.9919932,0.0007247968,0.00031704648,0.12628883,0.0,0.0,-0.1992811,0,0,0,0,0
528244636,-0.003449171,0.0006178925,0.2532543,0.0,0.99199194,-0.0017497931,8.8676075e-05,0.12628937,0.0,0.0,-0.21068493,0,0,0,0,0
528294223,-0.0046890737,0.0023810177,0.25325432,0.0,0.99198973,-0.0024761092,0.0008848846,0.12629138,0.0,0.0,-0.22567381,0,0,0,0,0
528343906,0.0022714648,0.0019749347,0.2532543,0.0,0.99199253,0.0010019323,0.0011229909,0.12628779,0.0,0.0,-0.24043274,0,0,0,0,0
528398320,0.0045673074,-0.0014653185,0.2532543,0.0,0.99199045,0.0023578934,-0.0004383911,0.1262903,0.0,0.0,-0.25181192,0,0,0,0,0
528447897,0.0021912782,0.001076462,0.2532543,0.0,0.99199283,0.0010188937,0.0006722884,0.12628834,0.0,0.0,-0.27683637,0,0,0,0,0
528497675,0.0009990614,-0.0024076567,0.2532543,0.0,0.9919926,0.00064756104,-0.0011311042,0.12628952,0.0,0.0,-0.29162115,0,0,0,0,0
528547182,0.0021037092,-0.003780254,0.2532543,0.0,0.9919909,0.0012821326,-0.0017421539,0.12629068,0.0,0.0,-0.3053258,0,0,0,0,0
528596857,-0.005096825,-0.00010029418,0.2532543,0.0,0.99199027,-0.002521673,-0.0003715816,0.12628849,0.0,0.0,-0.33467636,0,0,0,0,0
528646112,0.007597213,-0.0018858127,0.25325432,0.0,0.99198544,0.0038872599,-0.00045562905,0.12629163,0.0,0.0,-0.334385,0,0,0,0,0
528695752,0.0007524522,-0.006525929,0.2532543,0.0,0.99198806,0.0007852876,-0.0031893204,0.12628959,0.0,0.0,-0.3636351,0,0,0,0,0
528745292,0.0026428695,-0.001634383,0.2532543,0.0,0.9919922,0.0014140562,-0.00064376526,0.12628996,0.0,0.0,-0.3896487,0,0,0,0,0
528794782,0.005658539,-0.010616211,0.2532543,0.0,0.9919737,0.0034769229,-0.00490826,0.12630162,0.0,0.0,-0.4044672,0,0,0,0,0
528844408,0.007333949,-0.010041488,0.25325432,0.0,0.99197197,0.0042716186,-0.004517399,0.12630486,0.0,0.0,-0.41280276,0,0,0,0,0
528898637,0.0139507605,-0.016328871,0.25325432,0.0,0.9919291,0.007950286,-0.0072179013,0.12633824,0.0,0.0,-0.43202958,0,0,0,0,0
528944116,0.01249665,-0.017490644,0.2532543,0.0,0.9919293,0.007302423,-0.007885964,0.12633595,0.0,0.0,-0.46749735,0,0,0,0,0
528998064,0.01381802,-0.017580291,0.2532543,0.0,0.9919238,0.007963432,-0.007846956,0.12634139,0.0,0.0,-0.49036452,0,0,0,0,0
529047851,0.019316468,-0.022021465,0.25325432,0.0,0.9918737,0.010970618,-0.009702208,0.12638098,0.0,0.0,-0.49499884,0,0,0,0,0
529097306,0.02537201,-0.026718626,0.25325432,0.0,0.99180377,0.014269923,-0.011648973,0.12643571,0.0,0.0,-0.50329465,0,0,0,0,0
529146742,0.020929717,-0.030443821,0.25325432,0.0,0.9918041,0.012301858,-0.013777206,0.12642549,0.0,0.0,-0.506113,0,0,0,0,0
529196237,0.028199185,-0.026266411,0.25325432,0.0,0.99178594,0.015643401,-0.011245974,0.12644926,0.0,0.0,-0.51722085,0,0,0,0,0
529245794,0.025267089,-0.031274907,0.25325432,0.0,0.9917681,0.014505127,-0.013915139,0.12645946,0.0,0.0,-0.52264,0,0,0,0,0
529295458,0.021950696,-0.036000673,0.2532543,0.0,0.9917481,0.013158478,-0.016468365,0.12645693,0.0,0.0,-0.5351658,0,0,0,0,0
529344958,0.03182639,-0.03391981,0.25325432,0.0,0.9916912,0.017924327,-0.01481189,0.12652257,0.0,0.0,-0.5483213,0,0,0,0,0
529394570,0.03427229,-0.034413606,0.25325432,0.0,0.9916638,0.019168204,-0.014902008,0.12654425,0.0,0.0,-0.5535985,0,0,0,0,0
529444246,0.030949935,-0.037012894,0.2532543,0.0,0.9916687,0.017684573,-0.016401123,0.12653632,0.0,0.0,-0.558167,0,0,0,0,0
529494328,0.038789522,-0.044882596,0.25325432,0.0,0.9915022,0.022066742,-0.01980699,0.12666517,0.0,0.0,-0.5489985,0,0,0,0,0
529548404,0.033650506,-0.048722073,0.25325426,0.0,0.99150705,0.01976059,-0.022036064,0.12664022,0.0,0.0,-0.5400097,0,0,0,0,0
529597883,0.036595117,-0.050882593,0.2532543,0.0,0.9914477,0.021356244,-0.02292075,0.12668873,0.0,0.0,-0.53107494,0,0,0,0,0
529647304,0.04054358,-0.053215895,0.2532543,0.0,0.9913705,0.023460194,-0.023827353,0.12675335,0.0,0.0,-0.52617157,0,0,0,0,0
529697036,0.038337473,-0.05562015,0.25325432,0.0,0.9913604,0.022517754,-0.025159074,0.12674575,0.0,0.0,-0.5145707,0,0,0,0,0
529746295,0.03581445,-0.059797466,0.2532543,0.0,0.99132353,0.021529678,-0.027389824,0.12674336,0.0,0.0,-0.511238,0,0,0,0,0
529796126,0.04195642,-0.065060735,0.2532543,0.0,0.9911644,0.024904309,-0.029609397,0.12687123,0.0,0.0,-0.51291984,0,0,0,0,0
529845501,0.04181667,-0.06411607,0.25325432,0.0,0.99118245,0.024775766,-0.02915002,0.1268613,0.0,0.0,-0.5142727,0,0,0,0,0
529895193,0.031390607,-0.06146856,0.2532543,0.0,0.991342,0.019441964,-0.028498525,0.12669227,0.0,0.0,-0.5226305,0,0,0,0,0
529944727,0.051533666,-0.06271302,0.2532543,0.0,0.99107474,0.02950316,-0.027837925,0.12698631,0.0,0.0,-0.5256384,0,0,0,0,0
529994508,0.045812517,-0.06481599,0.25325432,0.0,0.9911188,0.026799925,-0.029243423,0.12692581,0.0,0.0,-0.5271763,0,0,0,0,0
530044274,0.04346052,-0.06351906,0.2532543,0.0,0.991172,0.02555297,-0.028749822,0.12687998,0.0,0.0,-0.53359956,0,0,0,0,0
530098582,0.044069484,-0.063812494,0.2532543,0.0,0.99115914,0.025873175,-0.028856637,0.12689136,0.0,0.0,-0.52606064,0,0,0,0,0
530148247,0.040782172,-0.062435046,0.2532543,0.0,0.9912237,0.024157537,-0.028382374,0.12683256,0.0,0.0,-0.5387021,0,0,0,0,0
530197602,0.0406397,-0.06126348,0.2532543,0.0,0.99124485,0.024013365,-0.027810667,0.12682103,0.0,0.0,-0.5486131,0,0,0,0,0
530247099,0.03688833,-0.06148763,0.2532543,0.0,0.99128443,0.022168145,-0.028159613,0.12677024,0.0,0.0,-0.5479007,0,0,0,0,0
530296662,0.029878745,-0.05892256,0.2532543,0.0,0.99139684,0.01853246,-0.027332118,0.12665667,0.0,0.0,-0.55364263,0,0,0,0,0
530346122,0.0302445,-0.056432497,0.25325432,0.0,0.99143136,0.018557152,-0.026074478,0.12664753,0.0,0.0,-0.56388533,0,0,0,0,0
530395912,0.028567819,-0.053852964,0.2532543,0.0,0.99148417,0.01756369,-0.02490176,0.12661184,0.0,0.0,-0.5666048,0,0,0,0,0
530445440,0.022936407,-0.05166559,0.2532543,0.0,0.9915599,0.014634159,-0.024173636,0.12653244,0.0,0.0,-0.5672997,0,0,0,0,0
530494975,0.025211973,-0.047511157,0.25325432,0.0,0.991597,0.015500748,-0.021969784,0.1265404,0.0,0.0,-0.576236,0,0,0,0,0
530544977,0.024074525,-0.048486255,0.2532543,0.0,0.9915933,0.014998207,-0.022525234,0.12653223,0.0,0.0,-0.5732613,0,0,0,0,0
530598969,0.02483566,-0.046426423,0.2532543,0.0,0.9916134,0.015245855,-0.021455739,0.12653118,0.0,0.0,-0.5785459,0,0,0,0,0
530644066,0.025119975,-0.045778256,0.2532543,0.0,0.9916191,0.015345999,-0.021116361,0.12653114,0.0,0.0,-0.5794156,0,0,0,0,0
530684452,0.020102117,-0.044537336,0.2532543,0.0,0.9916692,0.012779859,-0.02081843,0.12647334,0.0,0.0,-0.57793325,0,0,0,0,0
530747891,0.024717042,-0.04374391,0.2532543,0.0,0.99164635,0.015018087,-0.020133117,0.12651728,0.0,0.0,-0.57910186,0,0,0,0,0
530797113,0.025030099,-0.042674858,0.25325432,0.0,0.9916563,0.015105966,-0.019583216,0.12651528,0.0,0.0,-0.5733164,0,0,0,0,0
530846713,0.025377708,-0.040911257,0.2532543,0.0,0.99167335,0.015167221,-0.018686716,0.12650988,0.0,0.0,-0.5808336,0,0,0,0,0
530896649,0.02427551,-0.038425602,0.2532543,0.0,0.9917079,0.014464094,-0.017523853,0.12648773,0.0,0.0,-0.57882184,0,0,0,0,0
530946015,0.026320877,-0.039310385,0.2532543,0.0,0.99168336,0.015534029,-0.017833227,0.12651026,0.0,0.0,-0.5714462,0,0,0,0,0
530995480,0.017107874,-0.033674028,0.25325432,0.0,0.9917984,0.010610296,-0.015620707,0.12640938,0.0,0.0,-0.5621578,0,0,0,0,0
531045095,0.027572693,-0.037245173,0.2532543,0.0,0.9916948,0.016024627,-0.016729953,0.12650979,0.0,0.0,-0.5279611,0,0,0,0,0
531095022,0.013817177,-0.036104348,0.2995625,0.0,0.98860043,0.0095236385,-0.016817925,0.14931728,0.0,0.0,-0.5033699,0,0,0,0,0
531144637,0.013186908,-0.03534443,0.2995625,0.0,0.98861045,0.009155452,-0.016489336,0.14931051,0.0,0.0,-0.46852303,0,0,0,0,0
531194080,0.014512178,-0.03540893,0.29956254,0.0,0.98860353,0.009815346,-0.01642228,0.14932157,0.0,0.0,-0.46555403,0,0,0,0,0
531248330,0.0155773545,-0.03388123,0.2995625,0.0,0.9886122,0.010228002,-0.015587572,0.14932635,0.0,0.0,-0.41831318,0,0,0,0,0
531297973,0.016146962,-0.034397345,0.29956254,0.0,0.9886046,0.010548026,-0.015800169,0.14933221,0.0,0.0,-0.39502496,0,0,0,0,0
531347581,0.010054941,-0.03738919,0.29956248,0.0,0.9886045,0.007759735,-0.017733898,0.1492868,0.0,0.0,-0.3963032,0,0,0,0,0
531397008,0.0036474012,-0.041112147,0.2995625,0.0,0.98858756,0.0048700944,-0.020052379,0.14922714,0.0,0.0,-0.39913207,0,0,0,0,0
531446409,0.013258336,-0.0461189,0.2995625,0.0,0.9884963,0.009993749,-0.021809803,0.14933003,0.0,0.0,-0.39676443,0,0,0,0,0
531496197,0.013556402,-0.046813212,0.2995625,0.0,0.9884865,0.010192801,-0.022130724,0.1493344,0.0,0.0,-0.40708348,0,0,0,0,0
531545616,0.0033691667,-0.047597375,0.29956254,0.0,0.9885164,0.005216194,-0.02327867,0.14921904,0.0,0.0,-0.42982703,0,0,0,0,0
531595266,-0.0007405835,-0.04670651,0.29956254,0.0,0.9885353,0.0031184528,-0.023144925,0.14917262,0.0,0.0,-0.4596955,0,0,0,0,0
531645181,-0.0036468317,-0.049934875,0.29956254,0.0,0.9885007,0.0019228568,-0.024957297,0.14913008,0.0,0.0,-0.49084106,0,0,0,0,0
531694782,-0.0045179417,-0.051957924,0.2995625,0.0,0.98847634,0.0016432594,-0.026022112,0.14911309,0.0,0.0,-0.51558393,0,0,0,0,0
531744370,-0.011334769,-0.05631452,0.2995625,0.0,0.9884197,-0.0014006243,-0.028683236,0.14900252,0.0,0.0,-0.54681516,0,0,0,0,0
531798664,-0.011605223,-0.05922694,0.29956254,0.0,0.9883792,-0.0013168389,-0.03014263,0.14898404,0.0,0.0,-0.57861674,0,0,0,0,0
531847984,-0.011415512,-0.063623376,0.29956254,0.0,0.98831445,-0.000894843,-0.032300986,0.14896443,0.0,0.0,-0.59914356,0,0,0,0,0
531897572,-0.018932689,-0.06533705,0.29956254,0.0,0.98827803,-0.004481451,-0.033707377,0.1488298,0.0,0.0,-0.6114562,0,0,0,0,0
531947061,-0.016937805,-0.06731137,0.29956254,0.0,0.98825085,-0.0033482052,-0.034534402,0.14885023,0.0,0.0,-0.59075534,0,0,0,0,0
531996670,-0.016969612,-0.06628696,0.29956254,0.0,0.98826706,-0.0034404527,-0.034030627,0.14885654,0.0,0.0,-0.5788419,0,0,0,0,0
532046157,-0.013074969,-0.064777136,0.29956254,0.0,0.9882956,-0.0016287188,-0.03299467,0.14893106,0.0,0.0,-0.5653559,0,0,0,0,0
532095885,-0.011625655,-0.06658508,0.2995625,0.0,0.98826796,-0.00077755493,-0.03378007,0.14894532,0.0,0.0,-0.55276513,0,0,0,0,0
532145804,-0.013879652,-0.06494217,0.29956254,0.0,0.98829234,-0.0020140263,-0.033136133,0.14891681,0.0,0.0,-0.5550513,0,0,0,0,0
532195211,-0.010347856,-0.065268576,0.2995625,0.0,0.98828924,-0.00024443338,-0.033034395,0.14897346,0.0,0.0,-0.5512402,0,0,0,0,0
532245163,-0.016539136,-0.06477647,0.2995625,0.0,0.9882913,-0.0033405758,-0.033252254,0.14887369,0.0,0.0,-0.5492089,0,0,0,0,0
532294700,-0.009065828,-0.06825756,0.29956248,0.0,0.98824084,0.00061218196,-0.034415785,0.14898045,0.0,0.0,-0.54458886,0,0,0,0,0
532348671,-0.015209212,-0.07089678,0.2995625,0.0,0.98819417,-0.0022262526,-0.036177203,0.1488573,0.0,0.0,-0.53488827,0,0,0,0,0
532398273,-0.014614598,-0.07137015,0.29956248,0.0,0.9881868,-0.0018970999,-0.036366805,0.14886507,0.0,0.0,-0.5310028,0,0,0,0,0
532447663,-0.018387172,-0.067700654,0.2995625,0.0,0.988242,-0.004035288,-0.034834597,0.14882238,0.0,0.0,-0.5301158,0,0,0,0,0
532497263,-0.02250191,-0.06478239,0.2995625,0.0,0.9882769,-0.006286593,-0.033698875,0.14877385,0.0,0.0,-0.52999014,0,0,0,0,0
532546835,-0.027024658,-0.063664824,0.2995625,0.0,0.9882768,-0.008605011,-0.03348307,0.1487074,0.0,0.0,-0.534464,0,0,0,0,0
532596435,-0.029926045,-0.06246402,0.2995625,0.0,0.98828065,-0.010128507,-0.03310549,0.14867039,0.0,0.0,-0.5340701,0,0,0,0,0
532645950,-0.025462432,-0.06212461,0.2995625,0.0,0.9883056,-0.007948208,-0.032605905,0.1487468,0.0,0.0,-0.5330711,0,0,0,0,0
532696188,-0.025985358,-0.061804738,0.29956254,0.0,0.9883081,-0.00823053,-0.032486748,0.14874108,0.0,0.0,-0.52662927,0,0,0,0,0
532745596,-0.024760246,-0.06273169,0.29956254,0.0,0.9882996,-0.007555834,-0.032853637,0.14875312,0.0,0.0,-0.5263088,0,0,0,0,0
532794976,-0.025394795,-0.06266278,0.29956254,0.0,0.9882981,-0.007874549,-0.03286678,0.1487433,0.0,0.0,-0.52598166,0,0,0,0,0
532844731,-0.0276157,-0.058550186,0.2995625,0.0,0.98834616,-0.009279526,-0.030999912,0.14874406,0.0,0.0,-0.53037775,0,0,0,0,0
532894517,-0.017376186,-0.059338123,0.2995625,0.0,0.9883697,-0.004160475,-0.030627336,0.1488957,0.0,0.0,-0.5310076,0,0,0,0,0
532943679,-0.014513344,-0.05563677,0.29956254,0.0,0.98842525,-0.0030221192,-0.028585076,0.14896062,0.0,0.0,-0.53733873,0,0,0,0,0
532997835,-0.002256341,-0.049907126,0.29956254,0.0,0.9884995,0.002608036,-0.024839893,0.14914747,0.0,0.0,-0.5457834,0,0,0,0,0
533047369,-0.0013901016,-0.047687396,0.2995625,0.0,0.9885249,0.002870589,-0.023678184,0.149163,0.0,0.0,-0.5592548,0,0,0,0,0
533097006,0.00057095656,-0.048893105,0.2995625,0.0,0.9885072,0.003929793,-0.024127845,0.14918415,0.0,0.0,-0.5711497,0,0,0,0,0
533146701,0.0020745597,-0.0498361,0.2995625,0.0,0.9884924,0.0047432776,-0.024481758,0.149201,0.0,0.0,-0.5735332,0,0,0,0,0
533196478,-0.00347605,-0.050099622,0.2995625,0.0,0.9884985,0.002019557,-0.02502599,0.14913177,0.0,0.0,-0.57635766,0,0,0,0,0
533246016,-0.0062618447,-0.051274575,0.2995625,0.0,0.988486,0.0007303602,-0.025814392,0.14909272,0.0,0.0,-0.58464557,0,0,0,0,0
533295619,-0.001874704,-0.052750163,0.2995625,0.0,0.9884631,0.0030087454,-0.026216568,0.14914544,0.0,0.0,-0.59042543,0,0,0,0,0
533345131,-0.0074907695,-0.056455273,0.2995625,0.0,0.98841864,0.0005096245,-0.02846636,0.14905684,0.0,0.0,-0.58519596,0,0,0,0,0
533394732,7.773971e-05,-0.06329806,0.2995625,0.0,0.98830837,0.004760354,-0.031283658,0.14914834,0.0,0.0,-0.57732034,0,0,0,0,0
533444636,-0.009731688,-0.059947357,0.29956254,0.0,0.98836964,-0.0003371795,-0.030359058,0.14900889,0.0,0.0,-0.58515805,0,0,0,0,0
533493786,0.00802938,-0.061003774,0.2995625,0.0,0.98831755,0.008518688,-0.029556662,0.14927231,0.0,0.0,-0.58358485,0,0,0,0,0
533548069,0.0051866584,-0.061061002,0.2995625,0.0,0.9883278,0.00711819,-0.029797083,0.14923008,0.0,0.0,-0.5896229,0,0,0,0,0
533597536,0.0032485118,-0.06505712,0.29956254,0.0,0.9882715,0.0064583295,-0.031916402,0.14919496,0.0,0.0,-0.58947897,0,0,0,0,0
533647192,0.0019157171,-0.067016825,0.2995625,0.0,0.98824346,0.00594585,-0.032984175,0.14916974,0.0,0.0,-0.5898943,0,0,0,0,0
533696781,0.0009485133,-0.06848556,0.29956254,0.0,0.9882215,0.005577443,-0.03378204,0.14915043,0.0,0.0,-0.5963587,0,0,0,0,0
533746647,0.007338414,-0.07141653,0.2995625,0.0,0.9881472,0.008953088,-0.034753546,0.14925526,0.0,0.0,-0.59725136,0,0,0,0,0
533796222,-0.0034068117,-0.07347073,0.29956254,0.0,0.9881445,0.003797281,-0.036569856,0.14905912,0.0,0.0,-0.59215605,0,0,0,0,0
533845694,0.0075087384,-0.076941825,0.2995625,0.0,0.9880436,0.009448822,-0.037470717,0.14925319,0.0,0.0,-0.59780616,0,0,0,0,0
533895304,0.0053273374,-0.07485413,0.2995625,0.0,0.9880929,0.008215608,-0.036602046,0.14921537,0.0,0.0,-0.60204875,0,0,0,0,0
533944997,0.016421812,-0.07545323,0.2995625,0.0,0.9880206,0.013741216,-0.036069747,0.14941686,0.0,0.0,-0.6009391,0,0,0,0,0
533994514,0.012086263,-0.0736913,0.29956254,0.0,0.98808134,0.01146821,-0.035523057,0.14933798,0.0,0.0,-0.610548,0,0,0,0,0
534043983,0.010892032,-0.073817134,0.2995625,0.0,0.9880857,0.010887581,-0.035674397,0.14931673,0.0,0.0,-0.6208413,0,0,0,0,0
534098321,0.015017242,-0.07149224,0.2995625,0.0,0.98810416,0.012752555,-0.03421765,0.14938767,0.0,0.0,-0.6216991,0,0,0,0,0
534147783,0.020708902,-0.06848343,0.29956254,0.0,0.98811823,0.0153406765,-0.03230573,0.1494769,0.0,0.0,-0.62986356,0,0,0,0,0
534197317,0.0164689,-0.06662281,0.29956248,0.0,0.98818076,0.013107347,-0.031703174,0.14940518,0.0,0.0,-0.62191194,0,0,0,0,0
534246908,0.010283003,-0.063196994,0.2995625,0.0,0.9882728,0.009795713,-0.030472262,0.14930598,0.0,0.0,-0.6259019,0,0,0,0,0
534296739,0.0122182965,-0.064824454,0.2995625,0.0,0.9882364,0.010873213,-0.031131988,0.14933644,0.0,0.0,-0.6193986,0,0,0,0,0
534346133,-0.00066718226,-0.06172406,0.2995625,0.0,0.98833436,0.0042748586,-0.0305614,0.1491406,0.0,0.0,-0.6129946,0,0,0,0,0
534396024,0.0003325656,-0.06250929,0.2995625,0.0,0.98832005,0.004827457,-0.030874876,0.14915411,0.0,0.0,-0.6108052,0,0,0,0,0
534445486,-0.015146529,-0.061581764,0.2995625,0.0,0.9883415,-0.0028910362,-0.031570006,0.14891629,0.0,0.0,-0.60234565,0,0,0,0,0
534495180,-0.009442097,-0.06333262,0.29956257,0.0,0.9883193,5.863081e-05,-0.032010313,0.14899759,0.0,0.0,-0.5949913,0,0,0,0,0
534544605,-0.02381844,-0.06369064,0.29956254,0.0,0.98828894,-0.0070187557,-0.033257388,0.1487607,0.0,0.0,-0.6006845,0,0,0,0,0
534594065,-0.020023065,-0.067727216,0.2995625,0.0,0.98823786,-0.0048416294,-0.034969438,0.14879365,0.0,0.0,-0.5856844,0,0,0,0,0
534643756,-0.022934118,-0.06509715,0.29956254,0.0,0.9882707,-0.006476635,-0.03388655,0.14876403,0.0,0.0,-0.5868457,0,0,0,0,0
534697893,-0.021038406,-0.062513486,0.2995625,0.0,0.98831517,-0.0057329834,-0.032468937,0.14881563,0.0,0.0,-0.5818048,0,0,0,0,0
534747539,-0.014141803,-0.06394667,0.2995625,0.0,0.9883074,-0.002217914,-0.032663763,0.14891835,0.0,0.0,-0.57155263,0,0,0,0,0
534797071,-0.01938806,-0.063788325,0.29956248,0.0,0.98830056,-0.004822192,-0.032976042,0.14883329,0.0,0.0,-0.5628917,0,0,0,0,0
534846745,-0.02170153,-0.061414726,0.29956254,0.0,0.9883291,-0.0061427876,-0.03197537,0.14881334,0.0,0.0,-0.5644662,0,0,0,0,0
534896612,-0.012233341,-0.061997633,0.2995625,0.0,0.9883385,-0.0014203698,-0.031558562,0.14895992,0.0,0.0,-0.5493251,0,0,0,0,0
534946166,-0.025013432,-0.056987513,0.29956254,0.0,0.9883782,-0.008110363,-0.030034186,0.1487973,0.0,0.0,-0.5365679,0,0,0,0,0
534995914,-0.019817924,-0.05380309,0.29956254,0.0,0.9884372,-0.0057806964,-0.02807391,0.14889699,0.0,0.0,-0.53918636,0,0,0,0,0
535045550,-0.017401204,-0.052738808,0.2995625,0.0,0.9884568,-0.0046658027,-0.027368007,0.1489375,0.0,0.0,-0.53824484,0,0,0,0,0
535094660,-0.012686128,-0.050370168,0.29956254,0.0,0.9884941,-0.0025123225,-0.025846189,0.1490136,0.0,0.0,-0.5316888,0,0,0,0,0
535144310,-0.0126248235,-0.044983145,0.29956254,0.0,0.98855513,-0.002884232,-0.023179136,0.14904077,0.0,0.0,-0.52906,0,0,0,0,0
535193834,-0.0059548994,-0.04263189,0.29956254,0.0,0.9885842,0.00023710997,-0.021519795,0.14912453,0.0,0.0,-0.5264023,0,0,0,0,0
535234622,0.07299646,0.043491345,0.29956254,0.0,0.98803,0.03283053,0.026930025,0.14830264,0.0,0.0,-0.52904874,0,0,0,0,0
535293154,0.107341215,0.05612478,0.29956254,0.0,0.98721576,0.048842404,0.03570644,0.14745995,0.0,0.0,-0.52467006,0,0,0,0,0
535347359,0.1345132,0.05110484,0.2995625,0.0,0.9865024,0.06262781,0.035231773,0.14713801,0.0,0.0,-0.53627527,0,0,0,0,0
535396857,0.13508135,0.023265025,0.2995625,0.0,0.9865997,0.064997375,0.021545991,0.14809528,0.0,0.0,-0.53374195,0,0,0,0,0
535446542,0.1484309,-0.0019811138,0.29956254,0.0,0.9860704,0.07346454,0.010087627,0.14888366,0.0,0.0,-0.53858703,0,0,0,0,0
535496663,0.18362604,-0.023623083,0.2995625,0.0,0.98440874,0.09240631,0.0020504799,0.14965376,0.0,0.0,-0.5516621,0,0,0,0,0
535545899,0.16782986,-0.03035695,0.29956254,0.0,0.985021,0.08512542,-0.0024493367,0.14993758,0.0,0.0,-0.5531878,0,0,0,0,0
535595277,0.12212114,-0.02730285,0.29956254,0.0,0.9867447,0.06236702,-0.004367944,0.14975359,0.0,0.0,-0.5539864,0,0,0,0,0
535644789,0.087440625,-0.01590795,0.2995625,0.0,0.98777574,0.044401433,-0.0013355813,0.14941828,0.0,0.0,-0.56121916,0,0,0,0,0
535694410,0.092235304,-0.020892074,0.29956254,0.0,0.9876267,0.047139745,-0.0034389636,0.14953123,0.0,0.0,-0.55684555,0,0,0,0,0
535744117,0.14399342,-0.029276472,0.29956248,0.0,0.9859793,0.073300116,-0.0037032752,0.14986046,0.0,0.0,-0.5573309,0,0,0,0,0
535793657,0.16477989,-0.0255152,0.29956254,0.0,0.98521274,0.08326592,-0.0002921552,0.1497417,0.0,0.0,-0.5705713,0,0,0,0,0
535847807,0.19408666,-0.029318819,0.2995625,0.0,0.98383373,0.09797311,3.0151932e-05,0.14990821,0.0,0.0,-0.5654954,0,0,0,0,0
535897651,0.16819856,-0.030243248,0.29956248,0.0,0.98500687,0.08529861,-0.0023656748,0.14993338,0.0,0.0,-0.56872314,0,0,0,0,0
535947095,0.13134833,-0.030764539,0.29956254,0.0,0.9864048,0.067174844,-0.005384839,0.14988069,0.0,0.0,-0.5666167,0,0,0,0,0
535997017,0.062225483,-0.03002811,0.29956254,0.0,0.9881441,0.03299522,-0.010196783,0.14959462,0.0,0.0,-0.55877745,0,0,0,0,0
536046360,0.023203526,-0.03024073,0.2995625,0.0,0.988598,0.013726348,-0.013218498,0.14936821,0.0,0.0,-0.56152296,0,0,0,0,0
536096331,-0.04384481,-0.029657261,0.29956254,0.0,0.98850596,-0.019460695,-0.017929224,0.1488482,0.0,0.0,-0.55884117,0,0,0,0,0
536145393,-0.07309381,-0.029333247,0.2995625,0.0,0.98811716,-0.033938743,-0.019944005,0.14857627,0.0,0.0,-0.5524795,0,0,0,0,0
536194945,-0.11148768,-0.02516415,0.29956254,0.0,0.9872943,-0.053212266,-0.020734785,0.14828512,0.0,0.0,-0.55340266,0,0,0,0,0
536244620,-0.13749625,-0.018103352,0.29956248,0.0,0.98652035,-0.066574596,-0.019179292,0.14824843,0.0,0.0,-0.56220376,0,0,0,0,0
536294170,-0.14641319,-0.019283658,0.29956254,0.0,0.98621476,-0.07088405,-0.020421952,0.14811794,0.0,0.0,-0.5592325,0,0,0,0,0
536348359,-0.15067679,-0.018267006,0.2995625,0.0,0.9860604,-0.07306229,-0.020236533,0.14811258,0.0,0.0,-0.5562308,0,0,0,0,0
536398216,-0.10842356,-0.017822584,0.2995625,0.0,0.98738396,-0.052248638,-0.016883755,0.14851926,0.0,0.0,-0.5491707,0,0,0,0,0
536447608,-0.08802707,-0.016109947,0.29956248,0.0,0.987867,-0.042304482,-0.014522436,0.14872202,0.0,0.0,-0.54373354,0,0,0,0,0
536497193,-0.059322882,-0.01882494,0.29956254,0.0,0.98836666,-0.02791984,-0.0137281455,0.14887358,0.0,0.0,-0.53944933,0,0,0,0,0
536546906,-0.03962514,-0.019749777,0.2995625,0.0,0.9885907,-0.018115273,-0.012718383,0.14899185,0.0,0.0,-0.53179497,0,0,0,0,0
536596642,-0.0365836,-0.018750701,0.2995625,0.0,0.98862046,-0.016686441,-0.011997958,0.14902078,0.0,0.0,-0.53746474,0,0,0,0,0
536646199,-0.03940376,-0.0170969,0.29956254,0.0,0.98860085,-0.018203968,-0.01139065,0.14902093,0.0,0.0,-0.5474714,0,0,0,0,0
536695927,-0.03334618,-0.018199954,0.2995625,0.0,0.988648,-0.015127258,-0.011484488,0.14904492,0.0,0.0,-0.5467707,0,0,0,0,0
536745180,-0.03488484,-0.01758881,0.29956254,0.0,0.98863804,-0.015933486,-0.011297061,0.14904171,0.0,0.0,-0.542505,0,0,0,0,0
536794708,-0.039435893,-0.015357183,0.29956254,0.0,0.988605,-0.018349761,-0.010533141,0.14903875,0.0,0.0,-0.54967076,0,0,0,0,0
536844706,-0.04196692,-0.015178803,0.29956254,0.0,0.98858136,-0.01961416,-0.010633575,0.14902726,0.0,0.0,-0.555789,0,0,0,0,0
536894240,-0.03612094,-0.018296866,0.29956254,0.0,0.9886258,-0.016491635,-0.011739158,0.14902791,0.0,0.0,-0.55651385,0,0,0,0,0
536948142,-0.041853324,-0.016762108,0.29956254,0.0,0.9885787,-0.019439777,-0.011407684,0.14901051,0.0,0.0,-0.56953734,0,0,0,0,0
536984222,-0.014978118,-0.019019581,0.29956248,0.0,0.98874193,-0.0059857983,-0.010520381,0.1491405,0.0,0.0,-0.5688486,0,0,0,0,0
537047327,0.04332184,-0.024207436,0.29956254,0.0,0.98846024,0.023220826,-0.008733309,0.14943513,0.0,0.0,-0.5653036,0,0,0,0,0
537097219,0.08088941,-0.022571022,0.2995625,0.0,0.98786414,0.04166106,-0.005116589,0.14954151,0.0,0.0,-0.5743711,0,0,0,0,0
537146672,0.08176796,-0.019825455,0.29956254,0.0,0.9878684,0.041890927,-0.0036946067,0.14949045,0.0,0.0,-0.5834696,0,0,0,0,0
537196576,0.048907,-0.028765336,0.2995625,0.0,0.98835343,0.026320295,-0.010568638,0.14950953,0.0,0.0,-0.5799338,0,0,0,0,0
537245907,0.014943533,-0.021521425,0.29956254,0.0,0.9887069,0.008993273,-0.009524856,0.14928856,0.0,0.0,-0.57727677,0,0,0,0,0
537295437,0.017412737,0.006665238,0.2995625,0.0,0.9887651,0.008111455,0.0045943316,0.14918667,0.0,0.0,-0.58833724,0,0,0,0,0
537345078,0.01543864,0.052175887,0.2995625,0.0,0.9884679,0.0037378862,0.02694365,0.14896752,0.0,0.0,-0.5773345,0,0,0,0,0
537394525,0.013481474,0.057738826,0.29956254,0.0,0.9883983,0.0023551872,0.029547006,0.14896388,0.0,0.0,-0.5798534,0,0,0,0,0
537444241,0.0054276213,0.0625849,0.2995625,0.0,0.9883287,-0.0019866286,0.031341687,0.14906427,0.0,0.0,-0.58185124,0,0,0,0,0
537493705,0.0038277195,0.045292087,0.2995625,0.0,0.98855484,-0.001487044,0.022676054,0.14914046,0.0,0.0,-0.58608043,0,0,0,0,0
537547911,0.0025834646,0.04395843,0.29956254,0.0,0.98856837,-0.0020025512,0.021924067,0.14915761,0.0,0.0,-0.5881123,0,0,0,0,0
537597606,0.012441373,0.037334885,0.2995625,0.0,0.98862964,0.0033645525,0.019385103,0.14907813,0.0,0.0,-0.58875227,0,0,0,0,0
537647213,0.0062030368,0.027399804,0.2995625,0.0,0.98871255,0.0010222497,0.014008796,0.14916511,0.0,0.0,-0.57479626,0,0,0,0,0
537697007,-0.001189855,0.024631318,0.2995625,0.0,0.9887275,-0.0024259405,0.012088691,0.14921774,0.0,0.0,-0.5697182,0,0,0,0,0
537746669,-6.1746556e-05,0.02363046,0.2995625,0.0,0.98873466,-0.0017935748,0.011678064,0.1492118,0.0,0.0,-0.5669475,0,0,0,0,0
537796313,-0.0021347539,0.038106706,0.29956254,0.0,0.98862064,-0.0038982376,0.018679632,0.14921479,0.0,0.0,-0.5638018,0,0,0,0,0
537845641,0.0019376088,0.054183364,0.2995625,0.0,0.9884443,-0.0030845683,0.02692958,0.14914107,0.0,0.0,-0.55488276,0,0,0,0,0
537895077,-0.0063789403,0.057666786,0.29956254,0.0,0.988374,-0.0074543976,0.02803073,0.14925,0.0,0.0,-0.5497777,0,0,0,0,0
537949158,-0.008415356,0.056452982,0.2995625,0.0,0.9883834,-0.008370309,0.02727888,0.1492785,0.0,0.0,-0.53647965,0,0,0,0,0
537994243,-0.007157143,0.050414134,0.29956254,0.0,0.98846984,-0.007298395,0.02438821,0.14926268,0.0,0.0,-0.5373043,0,0,0,0,0
538043967,-0.0063009122,0.05952961,0.2995625,0.0,0.98834693,-0.0075546787,0.02895715,0.14924774,0.0,0.0,-0.52846956,0,0,0,0,0
538098086,-0.007104161,0.05856484,0.2995625,0.0,0.9883581,-0.007879723,0.028420428,0.14925978,0.0,0.0,-0.5285011,0,0,0,0,0
538143196,-0.000902284,0.069550976,0.2995625,0.0,0.98820347,-0.0056340373,0.034311924,0.14914711,0.0,0.0,-0.53108066,0,0,0,0,0
538197781,-0.004824191,0.06270656,0.2995625,0.0,0.9883036,-0.0070617287,0.030637313,0.14922285,0.0,0.0,-0.5364089,0,0,0,0,0
538247243,-0.0027750276,0.060161393,0.29956254,0.0,0.98834926,-0.005859374,0.02953244,0.14919546,0.0,0.0,-0.5415153,0,0,0,0,0
538296745,0.0002462286,0.055552762,0.2995625,0.0,0.9884228,-0.0040226206,0.02748022,0.1491609,0.0,0.0,-0.5425239,0,0,0,0,0
538346206,0.0011195964,0.04996105,0.2995625,0.0,0.9884972,-0.003173893,0.024781767,0.14916144,0.0,0.0,-0.54133654,0,0,0,0,0
538395942,-0.0035587177,0.034191515,0.29956254,0.0,0.9886531,-0.0043101115,0.01663802,0.1492299,0.0,0.0,-0.5462741,0,0,0,0,0
538445208,-0.0054687783,0.028954534,0.29956254,0.0,0.98869056,-0.004863729,0.013906634,0.14924482,0.0,0.0,-0.5469016,0,0,0,0,0
538494952,-0.004953992,0.01919032,0.29956254,0.0,0.98875165,-0.0038809283,0.00911795,0.14923802,0.0,0.0,-0.5422901,0,0,0,0,0
538544451,-0.013892119,-0.002186492,0.2995625,0.0,0.98878044,-0.0067050983,-0.0021174743,0.14921065,0.0,0.0,-0.54078615,0,0,0,0,0
538594004,-0.019311072,-0.020404696,0.2995625,0.0,0.9887209,-0.00802447,-0.011528195,0.1491097,0.0,0.0,-0.5430799,0,0,0,0,0
538643714,-0.024407022,-0.077972375,0.29956254,0.0,0.9880498,-0.006241725,-0.04035665,0.14862704,0.0,0.0,-0.55357397,0,0,0,0,0
538698076,-0.026291307,-0.117680825,0.29956254,0.0,0.9871226,-0.004201152,-0.060101192,0.14818637,0.0,0.0,-0.56243217,0,0,0,0,0
538747750,-0.02671277,-0.12279007,0.29956254,0.0,0.986975,-0.0040266584,-0.06265334,0.14811713,0.0,0.0,-0.5722744,0,0,0,0,0
538797464,-0.015176592,-0.13014765,0.29956254,0.0,0.98675615,0.0022159228,-0.065427914,0.14841384,0.0,0.0,-0.5725605,0,0,0,0,0
538846764,-0.024271548,-0.12943041,0.2995625,0.0,0.9867784,-0.0023250126,-0.06574836,0.14812249,0.0,0.0,-0.56234145,0,0,0,0,0
538896513,-0.023980552,-0.13072424,0.2995625,0.0,0.98673826,-0.0020846184,-0.066364996,0.14811815,0.0,0.0,-0.5607176,0,0,0,0,0
538945763,-0.028375417,-0.12592041,0.2995625,0.0,0.9868785,-0.0046127066,-0.06432075,0.14802854,0.0,0.0,-0.56800824,0,0,0,0,0
538995444,-0.036065686,-0.13291483,0.29956254,0.0,0.98663926,-0.0078826295,-0.06833911,0.14768417,0.0,0.0,-0.5631563,0,0,0,0,0
539045009,-0.041629642,-0.13871515,0.29956254,0.0,0.98642796,-0.010191674,-0.07160955,0.14740458,0.0,0.0,-0.5606476,0,0,0,0,0
539094588,-0.04043027,-0.14797159,0.2995625,0.0,0.98612016,-0.008904787,-0.076083854,0.14730577,0.0,0.0,-0.5630749,0,0,0,0,0
539144539,-0.04331856,-0.15737171,0.29956254,0.0,0.98576707,-0.009622054,-0.08092816,0.14704192,0.0,0.0,-0.5743447,0,0,0,0,0
539193783,-0.043478712,-0.15082683,0.2995625,0.0,0.9860047,-0.010193165,-0.07771531,0.14714313,0.0,0.0,-0.58068305,0,0,0,0,0
539248256,-0.03975769,-0.16162682,0.2995625,0.0,0.9856214,-0.0075472114,-0.08276236,0.14711879,0.0,0.0,-0.5878589,0,0,0,0,0
539297946,-0.033307657,-0.16035363,0.29956254,0.0,0.9856896,-0.004464047,-0.08166026,0.14740302,0.0,0.0,-0.5922096,0,0,0,0,0
539347696,-0.03345823,-0.15187863,0.29956254,0.0,0.9860054,-0.005174037,-0.07749546,0.14751606,0.0,0.0,-0.5938401,0,0,0,0,0
539397138,-0.028387144,-0.14687185,0.2995625,0.0,0.98619473,-0.003049068,-0.07465337,0.14777498,0.0,0.0,-0.60469073,0,0,0,0,0
539446543,-0.011667549,-0.14102358,0.2995625,0.0,0.9863912,0.0047589117,-0.070531726,0.1484421,0.0,0.0,-0.6030836,0,0,0,0,0
539496031,-0.0151600875,-0.118797876,0.29956254,0.0,0.9870987,0.0013762679,-0.059826773,0.14850944,0.0,0.0,-0.60263056,0,0,0,0,0
539545685,7.613784e-05,-0.11306645,0.29956254,0.0,0.98722374,0.008469083,-0.055864826,0.1489856,0.0,0.0,-0.6068149,0,0,0,0,0
539595265,0.0056934925,-0.110447526,0.29956254,0.0,0.9872689,0.011046948,-0.054153338,0.14914913,0.0,0.0,-0.6097016,0,0,0,0,0
539644890,0.002188578,-0.10555505,0.2995625,0.0,0.9874177,0.00895243,-0.051999297,0.14907107,0.0,0.0,-0.5974697,0,0,0,0,0
539694325,0.004701614,-0.1043234,0.2995625,0.0,0.98743784,0.0101014385,-0.051203847,0.14913967,0.0,0.0,-0.6000134,0,0,0,0,0
539744128,-0.006708152,-0.1046891,0.29956254,0.0,0.9874701,0.0044953655,-0.052234378,0.14884312,0.0,0.0,-0.5895364,0,0,0,0,0
539784592,0.0032333247,-0.10512978,0.29956254,0.0,0.9874241,0.009436562,-0.05171145,0.14909954,0.0,0.0,-0.59297144,0,0,0,0,0
539848078,-0.008311993,-0.09533234,0.2995625,0.0,0.9877017,0.0030052932,-0.04773369,0.14885527,0.0,0.0,-0.5920174,0,0,0,0,0
539897696,-0.0053919326,-0.082866885,0.29956254,0.0,0.9879682,0.0035174936,-0.041359622,0.14898282,0.0,0.0,-0.5801684,0,0,0,0,0
539947200,-0.012752586,-0.06356849,0.29956248,0.0,0.9883145,-0.0015596667,-0.032373443,0.14894305,0.0,0.0,-0.57061255,0,0,0,0,0
539996887,-0.0032027839,-0.030576315,0.2995625,0.0,0.9886906,0.00069795846,-0.015355312,0.14918001,0.0,0.0,-0.57676333,0,0,0,0,0
540046227,-0.00017682523,-0.01454951,0.2995625,0.0,0.9887777,0.0009981223,-0.0072064335,0.14921728,0.0,0.0,-0.5658656,0,0,0,0,0
540096181,-0.005341235,-0.011963963,0.29956254,0.0,0.9887849,-0.0017480323,-0.006313456,0.14920287,0.0,0.0,-0.5571438,0,0,0,0,0
540145311,-0.016058443,-0.008672537,0.29956254,0.0,0.9887678,-0.0072921203,-0.005485678,0.14918122,0.0,0.0,-0.5593579,0,0,0,0,0
540194887,-0.00574341,-0.013098923,0.29956254,0.0,0.98878133,-0.0018621762,-0.00690457,0.14919946,0.0,0.0,-0.56132764,0,0,0,0,0
540249079,-0.005342635,-0.009446535,0.2995625,0.0,0.9887911,-0.0019365664,-0.005068965,0.14920717,0.0,0.0,-0.57124054,0,0,0,0,0
540294581,-0.006160581,-0.009860697,0.29956254,0.0,0.9887893,-0.0023100516,-0.005334744,0.14920431,0.0,0.0,-0.5761416,0,0,0,0,0
540348578,-0.004261172,-0.009616144,0.29956254,0.0,0.9887916,-0.0013892404,-0.0050721364,0.14920966,0.0,0.0,-0.580921,0,0,0,0,0
540398356,-0.020081459,-0.026529042,0.2995625,0.0,0.9886868,-0.007948072,-0.014613101,0.14906949,0.0,0.0,-0.5873748,0,0,0,0,0
540447816,-0.05339495,-0.029443955,0.29956254,0.0,0.9884029,-0.024196591,-0.018534375,0.14876392,0.0,0.0,-0.5871014,0,0,0,0,0
540497572,-0.08361025,-0.03689402,0.2995625,0.0,0.9878868,-0.038567856,-0.024458863,0.14830382,0.0,0.0,-0.59442276,0,0,0,0,0
540546812,-0.11506799,-0.049187128,0.2995625,0.0,0.9870801,-0.053177804,-0.03285353,0.14753166,0.0,0.0,-0.59088755,0,0,0,0,0
540596389,-0.16341378,-0.058201328,0.29956248,0.0,0.98544204,-0.0763407,-0.04084854,0.14631288,0.0,0.0,-0.59342366,0,0,0,0,0
540645842,-0.18435468,-0.059157472,0.29956254,0.0,0.9845815,-0.08658204,-0.042848542,0.14583158,0.0,0.0,-0.5997718,0,0,0,0,0
540695520,-0.21407853,-0.06216094,0.29956254,0.0,0.9831652,-0.10097722,-0.046486095,0.14501338,0.0,0.0,-0.5902057,0,0,0,0,0
540745065,-0.2628169,-0.061042216,0.2995625,0.0,0.98041874,-0.12498876,-0.049458064,0.14391258,0.0,0.0,-0.60515434,0,0,0,0,0
540794670,-0.28324196,-0.05884482,0.29956254,0.0,0.9791003,-0.13516143,-0.04985082,0.14355816,0.0,0.0,-0.6055296,0,0,0,0,0
540844896,-0.33316007,-0.056970682,0.29956254,0.0,0.9754254,-0.15969652,-0.05250531,0.1424269,0.0,0.0,-0.61123,0,0,0,0,0
540894093,-0.33629006,-0.040543567,0.29956248,0.0,0.9751644,-0.16246395,-0.044728488,0.14373277,0.0,0.0,-0.611539,0,0,0,0,0
540948513,-0.31750408,-0.035783634,0.29956254,0.0,0.97663563,-0.15365493,-0.04105421,0.14452522,0.0,0.0,-0.6066767,0,0,0,0,0
540998132,-0.2766963,-0.037496347,0.2995625,0.0,0.97956955,-0.13356847,-0.03893521,0.14521365,0.0,0.0,-0.5961647,0,0,0,0,0
541047537,-0.23197791,-0.036267832,0.2995625,0.0,0.9823114,-0.11172686,-0.035075888,0.1461198,0.0,0.0,-0.5981158,0,0,0,0,0
541096891,-0.16572137,-0.038177438,0.2995625,0.0,0.9854674,-0.07898581,-0.031157324,0.14712065,0.0,0.0,-0.58557373,0,0,0,0,0
541146444,-0.119404815,-0.037368894,0.2995625,0.0,0.9870361,-0.0562056,-0.027343318,0.14782767,0.0,0.0,-0.5815423,0,0,0,0,0
541196113,-0.058881354,-0.0371983,0.29956254,0.0,0.988286,-0.026327776,-0.02277368,0.14859007,0.0,0.0,-0.5852328,0,0,0,0,0
541245606,-0.01591904,-0.033961702,0.2995625,0.0,0.98865,-0.005335474,-0.01797694,0.149062,0.0,0.0,-0.5809953,0,0,0,0,0
541295312,0.020914312,-0.030368136,0.29956248,0.0,0.988612,0.012604279,-0.013452439,0.14935346,0.0,0.0,-0.58302546,0,0,0,0,0
541344876,0.05725638,-0.026146812,0.29956254,0.0,0.98825824,0.030251358,-0.008650364,0.14951798,0.0,0.0,-0.5757216,0,0,0,0,0
541394821,0.06976863,-0.026839312,0.29956254,0.0,0.98804337,0.036484864,-0.008056957,0.14958042,0.0,0.0,-0.5828569,0,0,0,0,0
541444619,0.117970854,-0.030825764,0.2995625,0.0,0.98683125,0.060580116,-0.006417442,0.14984305,0.0,0.0,-0.57562524,0,0,0,0,0
541498630,0.14508998,-0.027995689,0.2995625,0.0,0.98595494,0.07374606,-0.0029895196,0.14981799,0.0,0.0,-0.56978774,0,0,0,0,0
541534203,0.14895652,-0.024519278,0.2995625,0.0,0.98585236,0.07539507,-0.000985791,0.14969899,0.0,0.0,-0.5725215,0,0,0,0,0
541597699,0.20130527,-0.023156421,0.2995625,0.0,0.98355967,0.10107002,0.0036028388,0.14960702,0.0,0.0,-0.5653144,0,0,0,0,0
541646985,0.22590199,-0.02368082,0.29956248,0.0,0.9822349,0.113196775,0.0051847952,0.14958015,0.0,0.0,-0.5589321,0,0,0,0,0
541696748,0.26103592,-0.017275644,0.2995625,0.0,0.98018926,0.12996371,0.010951797,0.14905873,0.0,0.0,-0.56752926,0,0,0,0,0
541746155,0.28001162,-0.015237679,0.2995625,0.0,0.9789414,0.13910821,0.013363386,0.14880875,0.0,0.0,-0.56317097,0,0,0,0,0
541795933,0.32635772,-0.014336111,0.2995625,0.0,0.97546947,0.16168806,0.017247725,0.14838722,0.0,0.0,-0.5667638,0,0,0,0,0
541845512,0.33258414,-0.0077453256,0.29956254,0.0,0.9750605,0.1642421,0.020923546,0.14779612,0.0,0.0,-0.5689805,0,0,0,0,0
541895160,0.31774923,-0.0026207909,0.29956254,0.0,0.9763189,0.15662871,0.022328531,0.1475474,0.0,0.0,-0.5635397,0,0,0,0,0
541944993,0.35491854,-0.009658651,0.2995625,0.0,0.97313637,0.17526013,0.02164148,0.14771964,0.0,0.0,-0.57351226,0,0,0,0,0
541994411,0.36508948,-0.0132841375,0.2995625,0.0,0.9721733,0.18047084,0.020629505,0.14793152,0.0,0.0,-0.5692104,0,0,0,0,0
542034775,0.39075235,-0.0069383183,0.2995625,0.0,0.9698851,0.19246863,0.025604041,0.14704792,0.0,0.0,-0.57863295,0,0,0,0,0
542093709,0.4451387,-0.0015456448,0.29956254,0.0,0.9643877,0.21837732,0.03219335,0.14570971,0.0,0.0,-0.59546655,0,0,0,0,0
542147873,0.4482472,0.0018309565,0.29956254,0.0,0.9641029,0.21963032,0.034047425,0.14528847,0.0,0.0,-0.5876682,0,0,0,0,0
542197214,0.44547445,0.005071766,0.29956254,0.0,0.9644573,0.21805702,0.03540855,0.14498118,0.0,0.0,-0.59960014,0,0,0,0,0
542246863,0.4268707,0.003161831,0.29956254,0.0,0.9664156,0.20921616,0.03313566,0.14550456,0.0,0.0,-0.5808966,0,0,0,0,0
542296458,0.42321342,0.004688093,0.2995625,0.0,0.966819,0.20733693,0.033607233,0.1454062,0.0,0.0,-0.5858281,0,0,0,0,0
542346094,0.40162122,0.00658483,0.29956254,0.0,0.9690267,0.19674797,0.03295431,0.14557311,0.0,0.0,-0.5744772,0,0,0,0,0
542395698,0.41284153,0.009584311,0.2995625,0.0,0.96794766,0.20196098,0.035221744,0.14508112,0.0,0.0,-0.5903218,0,0,0,0,0
542448262,0.39834094,0.008281597,0.29956254,0.0,0.96937007,0.19503365,0.03353771,0.14546052,0.0,0.0,-0.58424205,0,0,0,0,0
542497774,0.39451727,0.012229807,0.29956254,0.0,0.9697891,0.1928892,0.035173375,0.14514035,0.0,0.0,-0.5905429,0,0,0,0,0
542547206,0.3485927,0.017671926,0.2995625,0.0,0.9740128,0.17016838,0.034480873,0.1454401,0.0,0.0,-0.5758303,0,0,0,0,0
542597166,0.32314238,0.020209372,0.2995625,0.0,0.9761181,0.1575717,0.033865213,0.14566351,0.0,0.0,-0.58561075,0,0,0,0,0
542651023,0.24423797,0.017520865,0.29956248,0.0,0.9815615,0.11914969,0.026774593,0.14704965,0.0,0.0,-0.5710268,0,0,0,0,0
542697809,0.2055959,0.017250748,0.29956254,0.0,0.9836793,0.10018401,0.023795798,0.14755338,0.0,0.0,-0.5786293,0,0,0,0,0
542747324,0.1789705,0.015118227,0.29956254,0.0,0.9849201,0.08723931,0.020779459,0.14795259,0.0,0.0,-0.57174575,0,0,0,0,0
542797288,0.13484015,0.014655882,0.2995625,0.0,0.98660445,0.06552195,0.017282026,0.14839071,0.0,0.0,-0.5635093,0,0,0,0,0
542846501,0.10030709,0.01678231,0.2995625,0.0,0.9875884,0.048318915,0.015767276,0.14861299,0.0,0.0,-0.560231,0,0,0,0,0
542896200,0.071571164,0.020315792,0.29956254,0.0,0.9881739,0.033860758,0.0153761385,0.14875928,0.0,0.0,-0.5581979,0,0,0,0,0
542945697,0.04089113,0.01764832,0.29956254,0.0,0.98858553,0.018897992,0.01177402,0.14900647,0.0,0.0,-0.55239487,0,0,0,0,0
542998413,-0.00026893712,0.019078884,0.29956254,0.0,0.98875856,-0.0015564285,0.009412428,0.14921634,0.0,0.0,-0.5533399,0,0,0,0,0
543047729,-0.019301772,0.015898375,0.29956248,0.0,0.988715,-0.010728507,0.006419682,0.14928603,0.0,0.0,-0.54617625,0,0,0,0,0
543097428,-0.064993225,0.011948111,0.2995625,0.0,0.98823506,-0.033017527,0.0010557498,0.14933231,0.0,0.0,-0.53549695,0,0,0,0,0
543147151,-0.1006685,0.01799779,0.2995625,0.0,0.98744386,-0.05108878,0.0013792566,0.14947453,0.0,0.0,-0.5347516,0,0,0,0,0
543196813,-0.13644877,0.022978118,0.2995625,0.0,0.9863214,-0.06911416,0.0011617442,0.14963932,0.0,0.0,-0.5382026,0,0,0,0,0
543248143,-0.15400001,0.021938665,0.29956254,0.0,0.9856887,-0.077690095,-0.0006638818,0.14960508,0.0,0.0,-0.54787534,0,0,0,0,0
543297885,-0.19239555,0.020992577,0.29956254,0.0,0.9840274,-0.09652786,-0.004001298,0.14952064,0.0,0.0,-0.5486885,0,0,0,0,0
543347040,-0.2206124,0.023886355,0.2995625,0.0,0.982528,-0.11061368,-0.0046881586,0.14960434,0.0,0.0,-0.5518683,0,0,0,0,0
543396739,-0.25308943,0.022232596,0.2995625,0.0,0.98062724,-0.12643199,-0.007927992,0.14940672,0.0,0.0,-0.5526638,0,0,0,0,0
543446254,-0.2738949,0.021199347,0.2995625,0.0,0.979275,-0.13655055,-0.009987917,0.14924724,0.0,0.0,-0.5522504,0,0,0,0,0
543495961,-0.3071453,0.018689673,0.29956254,0.0,0.9769104,-0.15262844,-0.013694098,0.14887264,0.0,0.0,-0.5536281,0,0,0,0,0
543548256,-0.3274406,0.019731017,0.2995625,0.0,0.9752938,-0.16260958,-0.014696016,0.1488092,0.0,0.0,-0.55596536,0,0,0,0,0
543597971,-0.36472893,0.018350774,0.29956254,0.0,0.97211784,-0.18066372,-0.01813895,0.14838657,0.0,0.0,-0.55838335,0,0,0,0,0
543647627,-0.37406552,0.015826978,0.2995625,0.0,0.9713093,-0.18501684,-0.020057727,0.14806986,0.0,0.0,-0.5577265,0,0,0,0,0
543697499,-0.4190393,0.016469304,0.2995625,0.0,0.9668911,-0.20685631,-0.023071317,0.14764707,0.0,0.0,-0.5672369,0,0,0,0,0
543744083,-0.42289484,0.014507522,0.2995625,0.0,0.96652865,-0.20857833,-0.02430442,0.14739987,0.0,0.0,-0.56770754,0,0,0,0,0
543798155,-0.4665956,0.009253145,0.29956248,0.0,0.9618464,-0.22926801,-0.03004699,0.14623539,0.0,0.0,-0.5762363,0,0,0,0,0
543847780,-0.47849694,0.013058467,0.2995625,0.0,0.96038765,-0.23526093,-0.029088542,0.14649828,0.0,0.0,-0.58089554,0,0,0,0,0
543897306,-0.46054816,0.01287182,0.29956254,0.0,0.962464,-0.22661924,-0.027862513,0.14673246,0.0,0.0,-0.56715643,0,0,0,0,0
543946860,-0.42746854,0.01026824,0.29956254,0.0,0.96612895,-0.21048175,-0.026690027,0.1469013,0.0,0.0,-0.5537189,0,0,0,0,0
543996513,-0.4224179,0.009683226,0.2995625,0.0,0.96666795,-0.20799893,-0.026601821,0.14690779,0.0,0.0,-0.5556561,0,0,0,0,0
544046092,-0.4175858,0.010145736,0.29956254,0.0,0.9671594,-0.20569633,-0.026023073,0.14701888,0.0,0.0,-0.5587968,0,0,0,0,0
544098702,-0.435812,0.010603387,0.29956254,0.0,0.9652362,-0.21453455,-0.027140822,0.14682434,0.0,0.0,-0.57175916,0,0,0,0,0
544148010,-0.41957998,0.004853584,0.29956248,0.0,0.9670456,-0.20627642,-0.028729025,0.1464494,0.0,0.0,-0.5648941,0,0,0,0,0
544198089,-0.4147295,0.0028255663,0.29956254,0.0,0.9675761,-0.20378284,-0.029354999,0.14631252,0.0,0.0,-0.55802923,0,0,0,0,0
544247682,-0.41614604,0.004508133,0.2995625,0.0,0.9674041,-0.20459056,-0.02864465,0.1464633,0.0,0.0,-0.5678744,0,0,0,0,0
544294104,-0.40186223,0.005961521,0.29956254,0.0,0.9688171,-0.19778216,-0.02689374,0.14680728,0.0,0.0,-0.5718368,0,0,0,0,0
544337607,-0.4021917,0.0017525727,0.2995625,0.0,0.96885115,-0.1976349,-0.028957028,0.14638777,0.0,0.0,-0.5589897,0,0,0,0,0
544397942,-0.3516176,0.004218518,0.29956254,0.0,0.9735045,-0.17325577,-0.024046028,0.1472861,0.0,0.0,-0.58687097,0,0,0,0,0
544447471,-0.31212553,0.003916192,0.2995625,0.0,0.9767394,-0.15397815,-0.02128087,0.147709,0.0,0.0,-0.59675455,0,0,0,0,0
544497072,-0.25132683,0.009823782,0.29956254,0.0,0.9809031,-0.124655366,-0.013883609,0.14865212,0.0,0.0,-0.62197685,0,0,0,0,0
544546605,-0.18736306,0.0022614107,0.2995625,0.0,0.98445153,-0.09266514,-0.012845741,0.14867201,0.0,0.0,-0.58688337,0,0,0,0,0
544599262,-0.11949858,0.002373098,0.29956254,0.0,0.987028,-0.059221875,-0.007739419,0.14902553,0.0,0.0,-0.55434334,0,0,0,0,0
544648752,-0.083535954,0.005632197,0.29956254,0.0,0.9879199,-0.04170801,-0.003448721,0.14920738,0.0,0.0,-0.52842456,0,0,0,0,0
544698497,-0.040536143,0.005911523,0.2995625,0.0,0.9885874,-0.020480657,-0.0001021551,0.14924976,0.0,0.0,-0.519564,0,0,0,0,0
544747968,-0.018160298,0.0046267514,0.2995625,0.0,0.9887572,-0.009323531,0.000932444,0.14923608,0.0,0.0,-0.5151483,0,0,0,0,0
544797713,0.016415503,0.003099617,0.2995625,0.0,0.98877114,0.007884497,0.0027571646,0.14920406,0.0,0.0,-0.50445735,0,0,0,0,0
544847324,0.04887599,0.007723149,0.2995625,0.0,0.9885152,0.02358574,0.0074634827,0.14908287,0.0,0.0,-0.51662695,0,0,0,0,0
544898424,0.073608965,0.009560791,0.29956254,0.0,0.98814905,0.035670925,0.010214383,0.14894515,0.0,0.0,-0.51434946,0,0,0,0,0
544947941,0.097063534,0.008858488,0.2995625,0.0,0.98766184,0.047308926,0.011613569,0.14883222,0.0,0.0,-0.52190435,0,0,0,0,0
544997663,0.13372327,0.005592887,0.29956254,0.0,0.9866184,0.06564716,0.012728695,0.1487031,0.0,0.0,-0.516664,0,0,0,0,0
545047213,0.12800933,0.0067461175,0.29956254,0.0,0.9868056,0.06274218,0.012872777,0.14870213,0.0,0.0,-0.5125577,0,0,0,0,0
545097066,0.13293542,0.0109952465,0.2995625,0.0,0.9866599,0.0648556,0.015335023,0.14852901,0.0,0.0,-0.51829183,0,0,0,0,0
545146559,0.12868379,0.012001342,0.2995625,0.0,0.98679745,0.062682904,0.015515594,0.14852889,0.0,0.0,-0.5260188,0,0,0,0,0
545198824,0.13221887,0.0102303345,0.29956254,0.0,0.9866813,0.06455918,0.014904486,0.14855981,0.0,0.0,-0.5247283,0,0,0,0,0
545248488,0.13311112,0.01176679,0.2995625,0.0,0.98665583,0.06488469,0.015728652,0.14850198,0.0,0.0,-0.52447355,0,0,0,0,0
545298369,0.13725598,0.008478007,0.2995625,0.0,0.98651063,0.06717467,0.014414327,0.1485818,0.0,0.0,-0.52190757,0,0,0,0,0
545347720,0.13174906,0.008831634,0.2995625,0.0,0.98669285,0.064431734,0.014179607,0.14860931,0.0,0.0,-0.53040075,0,0,0,0,0
545394444,0.12671725,0.008341785,0.2995625,0.0,0.98685056,0.061985653,0.0135639915,0.14866,0.0,0.0,-0.5396944,0,0,0,0,0
545443968,0.13114527,0.008360492,0.29956254,0.0,0.98671097,0.06416901,0.013902321,0.148629,0.0,0.0,-0.54236984,0,0,0,0,0
545498184,0.12832539,0.011142212,0.2995625,0.0,0.98680705,0.06257019,0.015065125,0.14855927,0.0,0.0,-0.54295367,0,0,0,0,0
545547858,0.12183399,0.007837482,0.2995625,0.0,0.98699766,0.05961357,0.012952125,0.148708,0.0,0.0,-0.5370415,0,0,0,0,0
545597527,0.116767585,0.010329933,0.29956248,0.0,0.9871508,0.056927137,0.013805485,0.14866759,0.0,0.0,-0.54361176,0,0,0,0,0
545647028,0.11538905,0.013139564,0.2995625,0.0,0.9871937,0.056036975,0.015089693,0.14859577,0.0,0.0,-0.54583997,0,0,0,0,0
545696809,0.11337781,0.012167203,0.29956254,0.0,0.98724854,0.055116806,0.014460325,0.14863858,0.0,0.0,-0.5396799,0,0,0,0,0
545748892,0.1009063,0.010719449,0.29956254,0.0,0.98757166,0.04906762,0.012818358,0.14876257,0.0,0.0,-0.53052884,0,0,0,0,0
545798604,0.11084629,0.012580516,0.29956254,0.0,0.98731786,0.053836286,0.014476188,0.14864522,0.0,0.0,-0.53196764,0,0,0,0,0
545848452,0.112549186,0.013070148,0.2995625,0.0,0.9872722,0.05464035,0.014844418,0.14861901,0.0,0.0,-0.530704,0,0,0,0,0
545898116,0.11529176,0.01258378,0.29956254,0.0,0.98719585,0.05603044,0.014808159,0.1486126,0.0,0.0,-0.5246767,0,0,0,0,0
545944523,0.10983035,-0.0067452667,0.2995625,0.0,0.9872799,0.054775245,0.00486054,0.1491791,0.0,0.0,-0.52165276,0,0,0,0,0
545994178,0.107777685,-0.024239626,0.2995625,0.0,0.9871984,0.055061664,-0.0039295163,0.14963977,0.0,0.0,-0.51997054,0,0,0,0,0
546048410,0.10217203,-0.050575275,0.2995625,0.0,0.98700535,0.054244075,-0.017351829,0.15025622,0.0,0.0,-0.52693546,0,0,0,0,0
546087702,0.094890475,-0.06913466,0.29956254,0.0,0.9868564,0.052019786,-0.02706206,0.15058564,0.0,0.0,-0.53164524,0,0,0,0,0
546147445,0.07636086,-0.081458725,0.2995625,0.0,0.98703176,0.043784086,-0.034541626,0.15052629,0.0,0.0,-0.52344805,0,0,0,0,0
546197214,0.07020216,-0.06612083,0.2995625,0.0,0.98748153,0.039611384,-0.02743027,0.15019545,0.0,0.0,-0.5258021,0,0,0,0,0
546246795,0.066907875,-0.057698086,0.29956254,0.0,0.9876953,0.03736135,-0.023517074,0.1500303,0.0,0.0,-0.5264632,0,0,0,0,0
546299271,0.06495166,-0.05669461,0.2995625,0.0,0.98774797,0.03632092,-0.023168083,0.14999326,0.0,0.0,-0.52545935,0,0,0,0,0
546348719,0.053800944,-0.05102014,0.29956254,0.0,0.988022,0.030392297,-0.021200245,0.14979774,0.0,0.0,-0.52507913,0,0,0,0,0
546398537,0.04883717,-0.051012345,0.29956254,0.0,0.9880945,0.027939469,-0.021568108,0.14974457,0.0,0.0,-0.52658963,0,0,0,0,0
546448081,0.044722006,-0.0422445,0.2995625,0.0,0.9882656,0.025254747,-0.017543256,0.14961822,0.0,0.0,-0.5358989,0,0,0,0,0
546494848,0.04255031,-0.036150265,0.2995625,0.0,0.9883611,0.02372838,-0.014693783,0.1495439,0.0,0.0,-0.538133,0,0,0,0,0
546544281,0.014171413,-0.01320402,0.2995625,0.0,0.98875034,0.007991294,-0.0054705706,0.1492611,0.0,0.0,-0.53788894,0,0,0,0,0
546593980,0.016446402,-8.876453e-05,0.2995625,0.0,0.98877025,0.008137663,0.0011831835,0.14921717,0.0,0.0,-0.53801894,0,0,0,0,0
546648019,0.021748066,0.010176526,0.29956254,0.0,0.98874074,0.009992701,0.0066535645,0.14915638,0.0,0.0,-0.5425896,0,0,0,0,0
546697744,0.029096482,0.04153387,0.29956254,0.0,0.988531,0.011283415,0.022701142,0.14887518,0.0,0.0,-0.5404673,0,0,0,0,0
546747357,0.03212534,0.07475281,0.2995625,0.0,0.9880752,0.010295696,0.03933968,0.14850491,0.0,0.0,-0.54227877,0,0,0,0,0
546796928,0.03908793,0.1108318,0.29956257,0.0,0.9872588,0.011030799,0.05766867,0.14789402,0.0,0.0,-0.5486263,0,0,0,0,0
546846507,0.051179066,0.1308174,0.29956248,0.0,0.9866158,0.0154959075,0.06841904,0.1472003,0.0,0.0,-0.5472293,0,0,0,0,0
546899453,0.08278962,0.15794264,0.2995625,0.0,0.9853648,0.029030208,0.084095165,0.14540122,0.0,0.0,-0.54360676,0,0,0,0,0
546948724,0.10197998,0.16688094,0.29956254,0.0,0.9847168,0.037801374,0.08988249,0.14430912,0.0,0.0,-0.5503029,0,0,0,0,0
546995448,0.10382375,0.15916793,0.29956254,0.0,0.9849618,0.039298054,0.08622238,0.14447021,0.0,0.0,-0.55305153,0,0,0,0,0
547044850,0.08034102,0.10426594,0.29956254,0.0,0.98697597,0.031886537,0.057468925,0.14682962,0.0,0.0,-0.5456027,0,0,0,0,0
547094512,0.05884849,0.087856084,0.29956254,0.0,0.98761505,0.022512462,0.047789313,0.1477359,0.0,0.0,-0.5473185,0,0,0,0,0
547144067,0.0197793,0.03909369,0.2995625,0.0,0.98859537,0.0068604085,0.020801265,0.14899491,0.0,0.0,-0.5483747,0,0,0,0,0
547198261,-0.0012735822,-0.014920286,0.2995625,0.0,0.98877674,0.0004835619,-0.007471568,0.14921296,0.0,0.0,-0.5443323,0,0,0,0,0
547247885,-0.008931172,-0.028192883,0.2995625,0.0,0.98870504,-0.0023117284,-0.014604308,0.1491433,0.0,0.0,-0.5466622,0,0,0,0,0
547297599,-0.006827561,-0.022892676,0.29956254,0.0,0.988739,-0.0016673348,-0.011827245,0.14917257,0.0,0.0,-0.548952,0,0,0,0,0
547347002,0.00040210842,-0.016060263,0.29956254,0.0,0.98877156,0.0013970549,-0.007910138,0.14921866,0.0,0.0,-0.5452283,0,0,0,0,0
547399799,0.0024089923,-0.013572758,0.29956254,0.0,0.98877907,0.0022036496,-0.006530607,0.14922638,0.0,0.0,-0.53616935,0,0,0,0,0
547449361,0.0048193317,-0.0048726653,0.29956254,0.0,0.98879707,0.0027462298,-0.0020494722,0.14922677,0.0,0.0,-0.54525566,0,0,0,0,0
547499201,0.00856857,0.0014281496,0.29956254,0.0,0.9887949,0.0041297483,0.00134538,0.14921741,0.0,0.0,-0.536079,0,0,0,0,0
547545414,0.01698554,0.006878808,0.2995625,0.0,0.9887666,0.007884317,0.0046680504,0.1491867,0.0,0.0,-0.5304185,0,0,0,0,0
547595018,0.01477154,0.01283457,0.2995625,0.0,0.9887635,0.0063452935,0.0074473037,0.14916785,0.0,0.0,-0.52744895,0,0,0,0,0
547644625,0.016395181,0.018802514,0.2995625,0.0,0.9887383,0.0067025544,0.010518741,0.14913404,0.0,0.0,-0.5249985,0,0,0,0,0
547694265,0.017249329,0.027423099,0.29956248,0.0,0.9886917,0.0064812712,0.014843954,0.14908533,0.0,0.0,-0.53231996,0,0,0,0,0
547743906,0.016123872,0.025796361,0.2995625,0.0,0.9887049,0.0060463483,0.013955902,0.14910176,0.0,0.0,-0.5291366,0,0,0,0,0
547798146,0.014006466,0.032222766,0.2995625,0.0,0.988668,0.0045198603,0.016974805,0.14908725,0.0,0.0,-0.5307922,0,0,0,0,0
547847850,0.016456196,0.031514347,0.2995625,0.0,0.9886669,0.005783735,0.016807225,0.14907008,0.0,0.0,-0.53259426,0,0,0,0,0
547897236,0.015027289,0.032297645,0.2995625,0.0,0.988665,0.005018897,0.017087912,0.1490782,0.0,0.0,-0.5289416,0,0,0,0,0
547946988,0.01244596,0.028729074,0.29956254,0.0,0.9886959,0.004009244,0.015131447,0.14911518,0.0,0.0,-0.52527463,0,0,0,0,0
547996709,0.011428346,0.028672386,0.2995625,0.0,0.9886983,0.0035104188,0.015027549,0.14912307,0.0,0.0,-0.5291471,0,0,0,0,0
548046450,0.012970159,0.02929274,0.29956254,0.0,0.9886911,0.004226303,0.015449167,0.1491088,0.0,0.0,-0.5310773,0,0,0,0,0
548095939,0.015071523,0.031446192,0.29956254,0.0,0.9886711,0.0051043318,0.016670324,0.149082,0.0,0.0,-0.53564155,0,0,0,0,0
548145152,0.013646676,0.03015129,0.2995625,0.0,0.9886837,0.004496646,0.015924012,0.14909971,0.0,0.0,-0.53072286,0,0,0,0,0
548194790,0.010681055,0.029545952,0.2995625,0.0,0.98869354,0.0030757927,0.015403666,0.14912544,0.0,0.0,-0.52974284,0,0,0,0,0
548244440,0.008506896,0.0292678,0.2995625,0.0,0.98869824,0.0020217623,0.015104045,0.14914298,0.0,0.0,-0.52965313,0,0,0,0,0
548294151,0.012258708,0.026199762,0.2995625,0.0,0.9887123,0.0041054743,0.013867148,0.14912683,0.0,0.0,-0.5327525,0,0,0,0,0
548343827,0.014767395,0.026803698,0.29956254,0.0,0.9887028,0.0053005717,0.01435274,0.14910653,0.0,0.0,-0.5357362,0,0,0,0,0
548397879,0.012348687,0.020705199,0.2995625,0.0,0.9887415,0.0045600706,0.011157601,0.1491478,0.0,0.0,-0.5274078,0,0,0,0,0
548447399,0.015017654,0.016778251,0.2995625,0.0,0.98875046,0.006172635,0.009415299,0.1491501,0.0,0.0,-0.5300405,0,0,0,0,0
548497268,0.015219271,0.016114453,0.2995625,0.0,0.9887522,0.0063218535,0.009102174,0.14915207,0.0,0.0,-0.5383523,0,0,0,0,0
548546889,0.016754836,0.013816796,0.2995625,0.0,0.9887541,0.0072524874,0.008080805,0.14915581,0.0,0.0,-0.54388136,0,0,0,0,0
548596514,0.018388256,0.012955167,0.2995625,0.0,0.98875004,0.008124321,0.007776661,0.1491535,0.0,0.0,-0.5485186,0,0,0,0,0
548645962,0.020852536,0.009001351,0.2995625,0.0,0.988747,0.009637682,0.0060058106,0.14916581,0.0,0.0,-0.5453126,0,0,0,0,0
548695326,0.019399256,0.00769955,0.29956248,0.0,0.98875546,0.009016364,0.0052538463,0.14917679,0.0,0.0,-0.5446163,0,0,0,0,0
548744931,0.014349178,0.009673092,0.2995625,0.0,0.9887719,0.0063724206,0.0058528366,0.14918199,0.0,0.0,-0.54868454,0,0,0,0,0
548794855,0.016681893,0.010829353,0.29956248,0.0,0.9887616,0.007439386,0.006598458,0.14916979,0.0,0.0,-0.5538057,0,0,0,0,0
548844257,0.014674529,0.012694268,0.29956254,0.0,0.98876417,0.0063078045,0.007370707,0.1491688,0.0,0.0,-0.55647147,0,0,0,0,0
548893764,0.014622123,0.009920575,0.2995625,0.0,0.9887706,0.0064888913,0.005995546,0.14918016,0.0,0.0,-0.5465369,0,0,0,0,0
548947873,0.016445981,0.014346017,0.2995625,0.0,0.9887537,0.007060298,0.008319401,0.14915463,0.0,0.0,-0.5474374,0,0,0,0,0
548997700,0.015490637,0.011263592,0.2995625,0.0,0.98876494,0.006818044,0.0067242845,0.14917187,0.0,0.0,-0.54074925,0,0,0,0,0
549047378,0.012037919,0.012617714,0.2995625,0.0,0.9887718,0.0050100195,0.007136205,0.14917862,0.0,0.0,-0.5379853,0,0,0,0,0
549097124,0.01701284,0.01424561,0.2995625,0.0,0.98875195,0.007348034,0.008312038,0.14915274,0.0,0.0,-0.5360869,0,0,0,0,0
549146631,0.018172348,0.016834447,0.2995625,0.0,0.9887393,0.0077280337,0.009678329,0.14913478,0.0,0.0,-0.5325672,0,0,0,0,0
549196367,0.013806179,0.017143346,0.2995625,0.0,0.9887527,0.0055464604,0.009505441,0.14915429,0.0,0.0,-0.52808905,0,0,0,0,0
549245974,0.013968281,0.0215808,0.2995625,0.0,0.9887333,0.005295393,0.011711238,0.149135,0.0,0.0,-0.53488636,0,0,0,0,0
549295110,0.016188433,0.022294203,0.29956254,0.0,0.9887234,0.0063397046,0.012229452,0.14911848,0.0,0.0,-0.53895015,0,0,0,0,0
549344819,0.01742734,0.019518817,0.29956248,0.0,0.9887318,0.0071593514,0.010949813,0.14912498,0.0,0.0,-0.53212786,0,0,0,0,0
549394309,0.012200592,0.022881208,0.29956254,0.0,0.988731,0.004324444,0.012222286,0.14914031,0.0,0.0,-0.53169423,0,0,0,0,0
549443990,0.01638266,0.023415733,0.29956254,0.0,0.98871714,0.006352002,0.012798357,0.14911179,0.0,0.0,-0.53492147,0,0,0,0,0
549498229,0.014846013,0.02592053,0.2995625,0.0,0.98870784,0.005405365,0.013922017,0.14911008,0.0,0.0,-0.5237693,0,0,0,0,0
549547994,0.015611604,0.027354006,0.2995625,0.0,0.98869705,0.005676823,0.014687714,0.14909779,0.0,0.0,-0.5277209,0,0,0,0,0
549597637,0.01993095,0.02307066,0.29956254,0.0,0.988706,0.00813188,0.012892301,0.14909086,0.0,0.0,-0.5176154,0,0,0,0,0
549647207,0.019573731,0.023968896,0.2995625,0.0,0.98870283,0.007888227,0.013309702,0.14908801,0.0,0.0,-0.5013592,0,0,0,0,0
549696939,0.020331463,0.029514922,0.29956248,0.0,0.98866737,0.007848705,0.016107708,0.14904955,0.0,0.0,-0.50460243,0,0,0,0,0
549746384,0.02198662,0.036946923,0.2995625,0.0,0.98860556,0.008111833,0.019904615,0.14898656,0.0,0.0,-0.5087357,0,0,0,0,0
549795751,0.019053794,0.036529686,0.2995625,0.0,0.9886199,0.00669328,0.019479884,0.14901814,0.0,0.0,-0.50576407,0,0,0,0,0
549845366,0.020387102,0.038221177,0.29956254,0.0,0.98860085,0.0072260117,0.020415286,0.14899425,0.0,0.0,-0.49321172,0,0,0,0,0
549895009,0.021192634,0.048449285,0.29956254,0.0,0.9884964,0.006860119,0.025530437,0.1489159,0.0,0.0,-0.5044284,0,0,0,0,0
549944460,0.027422333,0.034530234,0.27549636,-0.7853982,0.9903195,0.011208457,0.018981503,0.13704516,0.0,0.0,-0.4937489,0,0,0,0,0
549994075,0.027604483,0.03540683,0.26212454,0.0,0.99120575,0.011368017,0.019352434,0.13041224,0.0,0.0,-0.47388637,0,0,0,0,0
550043776,0.02396216,0.034682617,0.26212457,0.0,0.99123055,0.009610241,0.018755991,0.1304524,0.0,0.0,-0.44896063,0,0,0,0,0
550098297,0.02314737,0.03891051,0.2621246,0.0,0.9911991,0.008929772,0.020798104,0.13043071,0.0,0.0,-0.43880543,0,0,0,0,0
550147899,0.021165505,0.041909322,0.26212454,0.0,0.99117947,0.0077513354,0.022154965,0.13043155,0.0,0.0,-0.4282765,0,0,0,0,0
550197497,0.024266897,0.033601094,0.26212454,0.0,0.9912374,0.0098320395,0.018239876,0.13045724,0.0,0.0,-0.40820274,0,0,0,0,0
550246811,0.02567294,0.037482765,0.26212457,0.0,0.99119925,0.010274878,0.020255255,0.13041519,0.0,0.0,-0.3972704,0,0,0,0,0
550296596,0.029843368,0.036486816,0.26212454,0.0,0.9911838,0.012406913,0.02003361,0.13038124,0.0,0.0,-0.3743534,0,0,0,0,0
550346046,0.022870352,0.037965424,0.26212457,0.0,0.9912086,0.008854323,0.02031168,0.1304401,0.0,0.0,-0.38802853,0,0,0,0,0
550395477,0.023141379,0.043538805,0.26212457,0.0,0.99115527,0.008623909,0.023091301,0.13039798,0.0,0.0,-0.4075799,0,0,0,0,0
550445099,0.031181278,0.039670862,0.2621246,0.0,0.99114853,0.012861505,0.021698654,0.13033925,0.0,0.0,-0.4076033,0,0,0,0,0
550494703,0.033920083,0.039932773,0.2621246,0.0,0.9911277,0.014201622,0.0220069,0.13030687,0.0,0.0,-0.4263259,0,0,0,0,0
550544226,0.02405507,0.035676986,0.26212457,0.0,0.99122226,0.009591224,0.019254843,0.13044444,0.0,0.0,-0.44662407,0,0,0,0,0
550593989,0.030295894,0.034250513,0.26212457,0.0,0.9911984,0.012777566,0.018954888,0.13039608,0.0,0.0,-0.4672409,0,0,0,0,0
550634516,0.029187154,0.038037337,0.26212454,0.0,0.99117506,0.0119802,0.020759195,0.13037468,0.0,0.0,-0.47785822,0,0,0,0,0
550698011,0.026190255,0.054330934,0.26212457,0.0,0.9910193,0.009428215,0.028637553,0.13027534,0.0,0.0,-0.5097391,0,0,0,0,0
550747667,0.030253857,0.047845304,0.26212457,0.0,0.99107385,0.0118665965,0.025688762,0.13027632,0.0,0.0,-0.50412834,0,0,0,0,0
550797117,0.02579151,0.05201611,0.26212457,0.0,0.99104977,0.009382218,0.027464645,0.13029985,0.0,0.0,-0.51658833,0,0,0,0,0
550846590,0.033371754,0.05099859,0.26212457,0.0,0.99101895,0.013205014,0.027454168,0.13020496,0.0,0.0,-0.4976678,0,0,0,0,0
550896119,0.027801683,0.04868411,0.26212454,0.0,0.9910784,0.010596519,0.02594464,0.13030064,0.0,0.0,-0.50089806,0,0,0,0,0
550945570,0.029299445,0.052072577,0.26212457,0.0,0.9910311,0.011116773,0.027721118,0.13025099,0.0,0.0,-0.4879769,0,0,0,0,0
550995197,0.023628082,0.05433759,0.26212454,0.0,0.9910305,0.008158188,0.028473929,0.13031185,0.0,0.0,-0.49819484,0,0,0,0,0
551044822,0.029158402,0.051544122,0.26212457,0.0,0.99103814,0.011081499,0.0274501,0.13025765,0.0,0.0,-0.48981234,0,0,0,0,0
551094556,0.026568461,0.048570905,0.26212457,0.0,0.99108595,0.009992818,0.0258082,0.13031752,0.0,0.0,-0.4878847,0,0,0,0,0
551144136,0.029067973,0.051676005,0.26212454,0.0,0.99103713,0.01102805,0.027509557,0.1302577,0.0,0.0,-0.49714327,0,0,0,0,0
551193991,0.033968702,0.052897505,0.26212454,0.0,0.99099267,0.013376372,0.028433837,0.13017756,0.0,0.0,-0.5054436,0,0,0,0,0
551248136,0.03104935,0.043176983,0.26212457,0.0,0.991117,0.01256654,0.023427423,0.13030896,0.0,0.0,-0.49789628,0,0,0,0,0
551297905,0.030286532,0.038577624,0.2621246,0.0,0.99116373,0.012489666,0.021098599,0.13035855,0.0,0.0,-0.49550143,0,0,0,0,0
551347136,0.032810748,0.04249383,0.26212457,0.0,0.991112,0.013484154,0.023203671,0.13029478,0.0,0.0,-0.5057557,0,0,0,0,0
551396885,0.036860052,0.04694353,0.26212457,0.0,0.99103874,0.015199237,0.025672147,0.13020039,0.0,0.0,-0.5173551,0,0,0,0,0
551446124,0.036876746,0.04281376,0.26212457,0.0,0.9910795,0.015478097,0.023627033,0.13024399,0.0,0.0,-0.5237232,0,0,0,0,0
551496191,0.036534417,0.04431286,0.26212454,0.0,0.9910678,0.015210247,0.024347523,0.13023229,0.0,0.0,-0.52607423,0,0,0,0,0
551545490,0.0404932,0.03848728,0.26212457,0.0,0.9910878,0.01755364,0.021718819,0.1302502,0.0,0.0,-0.52986765,0,0,0,0,0
551594938,0.04326468,0.035040885,0.26212454,0.0,0.99108905,0.019152801,0.020191649,0.13026105,0.0,0.0,-0.52621007,0,0,0,0,0
551644748,0.046007644,0.027965156,0.26212457,0.0,0.9911065,0.020975485,0.016864289,0.13032117,0.0,0.0,-0.5217344,0,0,0,0,0
551694209,0.045889314,0.028044319,0.26212457,0.0,0.9911073,0.020911666,0.016895806,0.13032119,0.0,0.0,-0.5238206,0,0,0,0,0
551744142,0.041869476,0.025737217,0.26212457,0.0,0.9911595,0.01907061,0.015490576,0.1303809,0.0,0.0,-0.51079905,0,0,0,0,0
551798436,0.03600285,0.02392369,0.26212454,0.0,0.99122024,0.016281825,0.014209314,0.13044341,0.0,0.0,-0.50304455,0,0,0,0,0
551847867,0.03566904,0.018953478,0.26212457,0.0,0.99124354,0.01644156,0.011724347,0.1304932,0.0,0.0,-0.4960646,0,0,0,0,0
551897558,0.04036107,0.017976977,0.26212457,0.0,0.99120545,0.018830866,0.011546521,0.13047569,0.0,0.0,-0.49065435,0,0,0,0,0
551947076,0.038076,0.009432571,0.26212457,0.0,0.9912447,0.01825713,0.0071628215,0.13057324,0.0,0.0,-0.48412445,0,0,0,0,0
551996603,0.029931426,0.008806569,0.26212454,0.0,0.9913116,0.0142612755,0.0063207555,0.13060614,0.0,0.0,-0.49411562,0,0,0,0,0
552046204,0.03255438,-0.0035831248,0.26212457,0.0,0.9912869,0.016370956,0.0003511651,0.13069877,0.0,0.0,-0.49159867,0,0,0,0,0
552095549,0.025796922,-0.0088907005,0.26212457,0.0,0.9913239,0.013368257,-0.002721241,0.13073206,0.0,0.0,-0.48738185,0,0,0,0,0
552145112,0.0207643,-0.0062948833,0.26212454,0.0,0.991361,0.010704181,-0.0017634898,0.1307121,0.0,0.0,-0.4948113,0,0,0,0,0
552194744,0.020177789,-0.0050009484,0.26212454,0.0,0.9913668,0.01032893,-0.0011604356,0.13070533,0.0,0.0,-0.50208753,0,0,0,0,0
552244640,0.01182243,-0.011787893,0.26212454,0.0,0.99138457,0.006630629,-0.0050707585,0.13071738,0.0,0.0,-0.4891188,0,0,0,0,0
552294221,0.009335605,-0.0112938015,0.26212457,0.0,0.9913936,0.0053656455,-0.0049883686,0.13071002,0.0,0.0,-0.48815382,0,0,0,0,0
552348574,-0.0005956381,-0.018361269,0.26212457,0.0,0.9913822,0.0009045238,-0.009140689,0.13067918,0.0,0.0,-0.45938453,0,0,0,0,0
552384434,-0.012016898,-0.011334755,0.26212457,0.0,0.9913943,-0.0052161487,-0.0064038513,0.13064918,0.0,0.0,-0.38571993,0,0,0,0,0
552447755,-0.021323107,0.0028486475,0.26212457,0.0,0.99136424,-0.010756034,1.8724766e-05,0.1306949,0.0,0.0,-0.21927685,0,0,0,0,0
552497305,-0.010945154,-0.0056003723,0.26212454,0.0,0.9914069,-0.0050596506,-0.0034913155,0.13066974,0.0,0.0,-0.21659753,0,0,0,0,0
552546516,-0.008483409,-0.011001712,0.26212457,0.0,0.99140275,-0.0034863672,-0.006007929,0.13066112,0.0,0.0,-0.22461815,0,0,0,0,0
552596180,-0.0075553586,-0.01614012,0.26212454,0.0,0.99138826,-0.0026905134,-0.008494383,0.130652,0.0,0.0,-0.24269854,0,0,0,0,0
552645692,-0.0072475635,-0.013928609,0.26212454,0.0,0.99139637,-0.0026824742,-0.007378044,0.13065834,0.0,0.0,-0.27183115,0,0,0,0,0
552695264,-0.017063288,-0.01240019,0.26212457,0.0,0.99137545,-0.007647968,-0.0072616003,0.13062768,0.0,0.0,-0.30962473,0,0,0,0,0
552744884,-0.013359805,-0.006317708,0.26212457,0.0,0.99139935,-0.006209717,-0.0040046554,0.13066292,0.0,0.0,-0.3138692,0,0,0,0,0
552794845,-0.0318738,0.051777214,0.26212457,0.0,0.99091166,-0.019176764,0.023578484,0.13103598,0.0,0.0,-0.23546956,0,0,0,0,0
552844523,-0.0134164,0.008701385,0.26212457,0.0,0.99138814,-0.0072191204,0.0034366061,0.13071217,0.0,0.0,-0.20557599,0,0,0,0,0
552894095,0.002157857,-0.00731561,0.26212457,0.0,0.9914159,0.0015476954,-0.0034854228,0.13069037,0.0,0.0,-0.2215414,0,0,0,0,0
552948176,0.014858947,-0.0074850623,0.2621246,0.0,0.9913857,0.007854723,-0.0027394,0.13071045,0.0,0.0,-0.23474485,0,0,0,0,0
552997835,0.010905153,-0.0007256265,0.26212457,0.0,0.9914086,0.005453201,0.00035288322,0.13068742,0.0,0.0,-0.20632084,0,0,0,0,0
553047211,-0.013721655,-0.008573802,0.26212457,0.0,0.991395,-0.0062416424,-0.005146631,0.13065396,0.0,0.0,-0.20292334,0,0,0,0,0
553096941,0.0,0.0,0.27877876,0.0,0.990301,0.0,0.0,0.13893846,0.0,0.0,-0.12,0,0,0,0,0
553146223,0.0,0.0,0.27760178,0.0,0.9903826,0.0,0.0,0.13835563,0.0,0.0,-0.12,0,0,0,0,0
553195925,0.0,0.0,0.2793523,0.0,0.99026114,0.0,0.0,0.13922244,0.0,0.0,-0.12,0,0,0,0,0
553245413,0.0,0.0,0.28044716,0.0,0.9901848,0.0,0.0,0.1397645,0.0,0.0,-0.12,0,0,0,0,0
553295045,0.0,0.0,0.27922848,0.0,0.9902698,0.0,0.0,0.13916112,0.0,0.0,-0.12,0,0,0,0,0
553345113,0.0,0.0,0.27936965,0.0,0.99025995,0.0,0.0,0.139231,0.0,0.0,-0.12,0,0,0,0,0
553394678,0.0,0.0,0.2800369,0.0,0.99021345,0.0,0.0,0.13956137,0.0,0.0,-0.12,0,0,0,0,0
553434859,0.0,0.0,0.2794275,0.0,0.99025595,0.0,0.0,0.13925965,0.0,0.0,-0.12,0,0,0,0,0
553498352,0.0,0.0,0.27966347,0.0,0.99023944,0.0,0.0,0.1393765,0.0,0.0,-0.12,0,0,0,0,0
553547935,0.0,0.0,0.27951086,0.0,0.9902501,0.0,0.0,0.13930093,0.0,0.0,-0.12,0,0,0,0,0
553597352,0.0,0.0,0.27902445,0.0,0.99028397,0.0,0.0,0.1390601,0.0,0.0,-0.12,0,0,0,0,0
553646919,0.0,0.0,0.2791322,0.0,0.99027646,0.0,0.0,0.13911346,0.0,0.0,-0.12,0,0,0,0,0
553696521,0.0,0.0,0.27899146,0.0,0.99028623,0.0,0.0,0.13904378,0.0,0.0,-0.12,0,0,0,0,0
553746012,0.0,0.0,0.27870643,0.0,0.9903061,0.0,0.0,0.13890262,0.0,0.0,-0.12,0,0,0,0,0
553795890,0.0,0.0,0.27894098,0.0,0.99028975,0.0,0.0,0.13901876,0.0,0.0,-0.12,0,0,0,0,0
553845379,0.0,0.0,0.27842215,0.0,0.9903258,0.0,0.0,0.13876188,0.0,0.0,-0.12,0,0,0,0,0
553895206,0.0,0.0,0.27880657,0.0,0.9902991,0.0,0.0,0.13895221,0.0,0.0,-0.001,0,0,0,0,0
553944765,0.0,0.0,0.2790637,0.0,0.9902812,0.0,0.0,0.13907954,0.0,0.0,-0.001,0,0,0,0,0
553994185,0.0,0.0,0.27847037,0.0,0.9903224,0.0,0.0,0.13878575,0.0,0.0,-0.001,0,0,0,0,0
554044086,0.0,0.0,0.2785954,0.0,0.99031377,0.0,0.0,0.13884766,0.0,0.0,-0.001,0,0,0,0,0
554098122,0.0,0.0,0.278304,0.0,0.990334,0.0,0.0,0.13870336,0.0,0.0,-0.001,0,0,0,0,0
554147408,0.0,0.0,0.2783122,0.0,0.9903334,0.0,0.0,0.13870743,0.0,0.0,-0.001,0,0,0,0,0
554197142,0.0,0.0,0.2785047,0.0,0.9903201,0.0,0.0,0.13880277,0.0,0.0,-0.001,0,0,0,0,0
554246620,0.0,0.0,0.27857062,0.0,0.9903155,0.0,0.0,0.1388354,0.0,0.0,-0.001,0,0,0,0,0
554296492,0.0,0.0,0.27820176,0.0,0.99034107,0.0,0.0,0.13865273,0.0,0.0,-0.001,0,0,0,0,0
554345775,0.0,0.0,0.27806747,0.0,0.99035037,0.0,0.0,0.13858624,0.0,0.0,-0.001,0,0,0,0,0
554395363,0.0,0.0,0.2780804,0.0,0.9903495,0.0,0.0,0.13859265,0.0,0.0,-0.001,0,0,0,0,0
554445163,0.0,0.0,0.27805772,0.0,0.9903511,0.0,0.0,0.13858142,0.0,0.0,-0.001,0,0,0,0,0
554494749,0.0,0.0,0.27827442,0.0,0.99033606,0.0,0.0,0.13868873,0.0,0.0,-0.001,0,0,0,0,0
554544484,0.0,0.0,0.2783851,0.0,0.9903283,0.0,0.0,0.13874352,0.0,0.0,-0.001,0,0,0,0,0
554594005,0.0,0.0,0.27841416,0.0,0.99032634,0.0,0.0,0.1387579,0.0,0.0,-0.001,0,0,0,0,0
554648252,0.0,0.0,0.2784928,0.0,0.9903209,0.0,0.0,0.13879687,0.0,0.0,-0.001,0,0,0,0,0
554697632,0.0,0.0,0.27838174,0.0,0.9903286,0.0,0.0,0.13874188,0.0,0.0,-0.001,0,0,0,0,0
554747204,0.0,0.0,0.27825361,0.0,0.9903375,0.0,0.0,0.13867842,0.0,0.0,-0.001,0,0,0,0,0
554796770,0.0,0.0,0.27814877,0.0,0.9903447,0.0,0.0,0.1386265,0.0,0.0,-0.001,0,0,0,0,0
554846240,0.0,0.0,0.27811185,0.0,0.9903473,0.0,0.0,0.13860823,0.0,0.0,-0.001,0,0,0,0,0
554896073,0.0,0.0,0.27798986,0.0,0.99035573,0.0,0.0,0.13854782,0.0,0.0,-0.001,0,0,0,0,0
554945966,0.0,0.0,0.27777842,0.0,0.9903704,0.0,0.0,0.1384431,0.0,0.0,-0.001,0,0,0,0,0
554995290,0.0,0.0,0.27782446,0.0,0.99036723,0.0,0.0,0.13846591,0.0,0.0,-0.001,0,0,0,0,0
555044892,0.0,0.0,0.2781919,0.0,0.9903417,0.0,0.0,0.13864785,0.0,0.0,-0.001,0,0,0,0,0
555094560,0.0,0.0,0.2778716,0.0,0.99036396,0.0,0.0,0.13848925,0.0,0.0,-0.001,0,0,0,0,0
555144344,0.0,0.0,0.2776643,0.0,0.99037826,0.0,0.0,0.1383866,0.0,0.0,-0.001,0,0,0,0,0
555193630,0.0,0.0,0.2777431,0.0,0.99037284,0.0,0.0,0.13842562,0.0,0.0,-0.001,0,0,0,0,0
555247782,0.0,0.0,0.27772254,0.0,0.99037427,0.0,0.0,0.13841543,0.0,0.0,-0.001,0,0,0,0,0
555297329,0.0,0.0,0.277392,0.0,0.9903971,0.0,0.0,0.13825177,0.0,0.0,-0.001,0,0,0,0,0
555346801,0.0,0.0,0.27758467,0.0,0.9903838,0.0,0.0,0.13834718,0.0,0.0,-0.001,0,0,0,0,0
555396527,0.0,0.0,0.27764463,0.0,0.9903797,0.0,0.0,0.13837686,0.0,0.0,-0.001,0,0,0,0,0
555446057,0.0,0.0,0.27764818,0.0,0.9903794,0.0,0.0,0.13837862,0.0,0.0,-0.001,0,0,0,0,0
555496158,0.0,0.0,0.27733916,0.0,0.9904008,0.0,0.0,0.13822559,0.0,0.0,-0.001,0,0,0,0,0
555545452,0.0,0.0,0.27719837,0.0,0.9904105,0.0,0.0,0.13815586,0.0,0.0,-0.001,0,0,0,0,0
555595061,0.0,0.0,0.2773217,0.0,0.990402,0.0,0.0,0.13821694,0.0,0.0,-0.001,0,0,0,0,0
555644997,0.0,0.0,0.2774583,0.0,0.99039257,0.0,0.0,0.13828458,0.0,0.0,-0.001,0,0,0,0,0
555694703,0.0,0.0,0.27783266,0.0,0.99036664,0.0,0.0,0.13846998,0.0,0.0,-0.001,0,0,0,0,0
555743781,0.0,0.0,0.27741292,0.0,0.99039567,0.0,0.0,0.13826212,0.0,0.0,-0.001,0,0,0,0,0
555798020,0.0,0.0,0.27754024,0.0,0.9903869,0.0,0.0,0.13832515,0.0,0.0,-0.001,0,0,0,0,0
555847464,0.0,0.0,0.2773645,0.0,0.990399,0.0,0.0,0.13823815,0.0,0.0,-0.001,0,0,0,0,0
555897199,0.0,0.0,0.2768587,0.0,0.99043393,0.0,0.0,0.13798766,0.0,0.0,-0.001,0,0,0,0,0
555946620,0.0,0.0,0.27717188,0.0,0.99041235,0.0,0.0,0.13814276,0.0,0.0,-0.001,0,0,0,0,0
555996339,0.0,0.0,0.27758753,0.0,0.99038357,0.0,0.0,0.13834858,0.0,0.0,-0.001,0,0,0,0,0
556046330,0.0,0.0,0.27708232,0.0,0.9904185,0.0,0.0,0.1380984,0.0,0.0,-0.001,0,0,0,0,0
556096033,0.0,0.0,0.2774512,0.0,0.99039304,0.0,0.0,0.13828108,0.0,0.0,-0.001,0,0,0,0,0
556145458,0.0,0.0,0.27735236,0.0,0.99039984,0.0,0.0,0.13823213,0.0,0.0,-0.001,0,0,0,0,0
556194856,0.0,0.0,0.27741888,0.0,0.99039525,0.0,0.0,0.13826507,0.0,0.0,-0.001,0,0,0,0,0
556244693,0.0,0.0,0.27739185,0.0,0.99039716,0.0,0.0,0.1382517,0.0,0.0,-0.001,0,0,0,0,0
556294155,0.0,0.0,0.27721646,0.0,0.99040926,0.0,0.0,0.13816483,0.0,0.0,-0.001,0,0,0,0,0
556348366,0.0,0.0,0.2772087,0.0,0.9904098,0.0,0.0,0.13816097,0.0,0.0,-0.001,0,0,0,0,0
556397914,0.0,0.0,0.27739963,0.0,0.99039656,0.0,0.0,0.13825555,0.0,0.0,-0.001,0,0,0,0,0
556447172,0.0,0.0,0.27742344,0.0,0.99039495,0.0,0.0,0.13826732,0.0,0.0,-0.001,0,0,0,0,0
556496918,0.0,0.0,0.27727497,0.0,0.99040526,0.0,0.0,0.13819382,0.0,0.0,-0.001,0,0,0,0,0
556546511,0.0,0.0,0.27736416,0.0,0.99039906,0.0,0.0,0.13823797,0.0,0.0,-0.001,0,0,0,0,0
556596364,0.0,0.0,0.27738282,0.0,0.99039775,0.0,0.0,0.13824719,0.0,0.0,-0.001,0,0,0,0,0
556646031,0.0,0.0,0.2774654,0.0,0.9903921,0.0,0.0,0.13828811,0.0,0.0,-0.001,0,0,0,0,0
556695552,0.0,0.0,0.27731645,0.0,0.99040234,0.0,0.0,0.13821433,0.0,0.0,-0.001,0,0,0,0,0
556745012,0.0,0.0,0.27708992,0.0,0.990418,0.0,0.0,0.13810214,0.0,0.0,-0.001,0,0,0,0,0
556794609,0.0,0.0,0.27685368,0.0,0.9904343,0.0,0.0,0.13798518,0.0,0.0,-0.001,0,0,0,0,0
556844473,0.0,0.0,0.2765958,0.0,0.99045205,0.0,0.0,0.13785747,0.0,0.0,-0.001,0,0,0,0,0
